event_id,timestamp,incident_severity,frequency_rate,avg_duration_minutes,system_tier,resource_type,is_peak_hours,source_sensor_id,ingestion_latency_ms,risk_category
EVT-00001,2026-03-18 02:10:35,3,2,16,1,kiosk,0,SNS-015,365,LOW
EVT-00002,2026-03-13 03:00:35,3,10,10,3,kiosk,1,SNS-005,1198,MEDIUM
EVT-00003,2026-03-05 14:28:35,9,10,69,2,tablet,0,SNS-006,716,MEDIUM
EVT-00004,2026-03-07 00:14:35,7,6,42,3,kiosk,1,SNS-007,967,HIGH
EVT-00005,2026-03-08 02:59:35,8,2,61,3,mobile,0,SNS-015,792,MEDIUM
EVT-00006,2026-03-16 21:06:35,2,3,11,1,mobile,0,SNS-005,431,LOW
EVT-00007,2026-03-04 13:50:35,9,7,68,3,kiosk,1,SNS-014,447,HIGH
EVT-00008,2026-03-25 20:59:35,9,8,68,3,wearable,1,SNS-020,780,HIGH
EVT-00009,2026-03-21 10:12:35,7,7,48,3,mobile,1,SNS-002,221,HIGH
EVT-00010,2026-03-25 22:00:35,5,5,13,2,kiosk,0,SNS-016,653,MEDIUM
EVT-00011,2026-03-22 09:17:35,8,2,87,1,mobile,0,SNS-014,350,MEDIUM
EVT-00012,2026-03-21 22:12:35,7,10,16,1,mobile,1,SNS-001,291,MEDIUM
EVT-00013,2026-03-19 17:31:35,9,8,32,3,wearable,1,SNS-020,183,HIGH
EVT-00014,2026-03-10 04:13:35,4,3,11,1,mobile,0,SNS-004,426,LOW
EVT-00015,2026-03-15 15:52:35,7,4,51,3,wearable,0,SNS-012,593,MEDIUM
EVT-00016,2026-03-25 08:26:35,5,5,25,3,mobile,0,SNS-015,426,MEDIUM
EVT-00017,2026-03-30 18:09:35,4,6,24,1,wearable,1,SNS-017,916,MEDIUM
EVT-00018,2026-03-10 17:24:35,9,7,42,3,wearable,1,SNS-001,517,HIGH
EVT-00019,2026-03-11 02:12:35,3,6,33,2,kiosk,1,SNS-009,836,MEDIUM
EVT-00020,2026-03-14 14:56:35,3,3,20,1,wearable,0,SNS-015,403,LOW
EVT-00021,2026-03-06 02:47:35,3,3,18,1,wearable,1,SNS-011,659,LOW
EVT-00022,2026-03-08 17:52:35,4,5,55,1,mobile,1,SNS-008,992,MEDIUM
EVT-00023,2026-03-26 01:36:35,9,6,37,3,wearable,1,SNS-017,632,HIGH
EVT-00024,2026-03-30 10:30:35,10,7,37,3,wearable,1,SNS-019,995,HIGH
EVT-00025,2026-03-25 22:03:35,8,6,86,3,wearable,1,SNS-020,613,HIGH
EVT-00026,2026-03-02 09:48:35,10,7,64,3,tablet,1,SNS-015,1029,HIGH
EVT-00027,2026-03-17 09:23:35,6,2,68,1,kiosk,0,SNS-016,324,MEDIUM
EVT-00028,2026-03-01 23:50:35,6,4,87,3,kiosk,0,SNS-009,894,MEDIUM
EVT-00029,2026-03-05 14:28:35,3,2,27,1,tablet,0,SNS-009,1014,MEDIUM
EVT-00030,2026-03-28 14:36:35,9,9,87,3,kiosk,1,SNS-004,285,HIGH
EVT-00031,2026-03-11 22:34:35,1,3,9,1,mobile,0,SNS-011,227,LOW
EVT-00032,2026-03-07 01:46:35,2,2,12,1,tablet,0,SNS-004,277,LOW
EVT-00033,2026-03-26 14:27:35,8,8,34,3,kiosk,1,SNS-008,104,HIGH
EVT-00034,2026-03-24 19:50:35,8,1,73,3,kiosk,1,SNS-018,512,MEDIUM
EVT-00035,2026-03-30 20:21:35,8,10,38,3,wearable,1,SNS-015,1099,HIGH
EVT-00036,2026-03-06 01:26:35,7,9,60,2,tablet,1,SNS-005,359,MEDIUM
EVT-00037,2026-03-08 02:19:35,7,10,50,3,wearable,1,SNS-019,194,HIGH
EVT-00038,2026-03-06 20:00:35,3,5,80,3,tablet,1,SNS-008,610,MEDIUM
EVT-00039,2026-03-27 22:01:35,5,9,24,3,wearable,1,SNS-017,249,MEDIUM
EVT-00040,2026-03-09 10:56:35,4,10,13,3,tablet,1,SNS-017,585,MEDIUM
EVT-00041,2026-03-21 05:21:35,8,2,48,2,tablet,1,SNS-019,185,MEDIUM
EVT-00042,2026-03-09 19:58:35,6,10,29,1,tablet,1,SNS-008,507,MEDIUM
EVT-00043,2026-03-24 18:02:35,1,9,36,2,tablet,0,SNS-018,371,MEDIUM
EVT-00044,2026-03-19 16:50:35,2,8,51,2,tablet,0,SNS-006,1083,MEDIUM
EVT-00045,2026-03-21 11:11:35,4,2,12,1,kiosk,0,SNS-007,253,LOW
EVT-00046,2026-03-03 18:55:35,1,9,75,3,mobile,0,SNS-017,341,MEDIUM
EVT-00047,2026-03-23 16:06:35,3,1,20,1,kiosk,0,SNS-020,876,LOW
EVT-00048,2026-03-15 23:54:35,4,3,31,2,kiosk,0,SNS-004,517,MEDIUM
EVT-00049,2026-03-07 14:00:35,8,5,63,2,wearable,0,SNS-007,838,MEDIUM
EVT-00050,2026-03-04 23:35:35,4,2,8,1,tablet,1,SNS-013,789,LOW
EVT-00051,2026-03-22 02:58:35,8,7,37,3,wearable,1,SNS-014,901,HIGH
EVT-00052,2026-03-07 23:53:35,10,9,82,3,tablet,1,SNS-011,621,HIGH
EVT-00053,2026-03-17 14:45:35,8,6,81,3,tablet,1,SNS-008,1082,HIGH
EVT-00054,2026-03-14 07:31:35,7,9,81,3,mobile,1,SNS-006,1071,HIGH
EVT-00055,2026-03-08 02:25:35,10,6,66,3,tablet,1,SNS-011,650,HIGH
EVT-00056,2026-03-26 10:34:35,7,8,51,2,tablet,1,SNS-018,422,MEDIUM
EVT-00057,2026-03-28 03:45:35,3,1,8,1,kiosk,1,SNS-004,1056,LOW
EVT-00058,2026-03-02 20:45:35,7,10,62,3,wearable,1,SNS-004,191,HIGH
EVT-00059,2026-03-30 20:23:35,3,2,10,1,mobile,1,SNS-011,1183,LOW
EVT-00060,2026-03-21 06:57:35,9,10,77,3,mobile,1,SNS-008,505,HIGH
EVT-00061,2026-03-14 08:52:35,8,9,32,3,tablet,1,SNS-015,288,HIGH
EVT-00062,2026-03-04 07:44:35,4,8,40,3,mobile,0,SNS-011,1172,MEDIUM
EVT-00063,2026-03-22 18:24:35,9,9,40,3,tablet,1,SNS-003,447,HIGH
EVT-00064,2026-03-30 21:58:35,7,6,50,3,wearable,1,SNS-020,377,HIGH
EVT-00065,2026-03-03 01:30:35,7,9,66,3,kiosk,1,SNS-017,672,HIGH
EVT-00066,2026-03-24 10:39:35,6,1,26,3,tablet,1,SNS-003,1030,MEDIUM
EVT-00067,2026-03-22 09:00:35,4,3,19,1,mobile,1,SNS-019,1038,LOW
EVT-00068,2026-03-16 08:02:35,2,2,54,1,mobile,0,SNS-001,811,MEDIUM
EVT-00069,2026-03-18 16:08:35,6,3,59,2,tablet,0,SNS-006,1061,MEDIUM
EVT-00070,2026-03-21 08:18:35,1,2,11,1,kiosk,1,SNS-004,230,LOW
EVT-00071,2026-03-09 23:48:35,7,7,31,3,tablet,1,SNS-017,611,HIGH
EVT-00072,2026-03-30 04:23:35,1,8,42,1,kiosk,0,SNS-016,952,MEDIUM
EVT-00073,2026-03-18 05:57:35,7,6,46,3,wearable,1,SNS-008,366,HIGH
EVT-00074,2026-03-30 18:05:35,3,3,8,1,mobile,1,SNS-002,226,LOW
EVT-00075,2026-03-08 10:27:35,10,8,30,1,kiosk,0,SNS-007,1126,MEDIUM
EVT-00076,2026-03-20 05:09:35,3,3,15,1,tablet,1,SNS-004,177,LOW
EVT-00077,2026-03-08 10:34:35,2,1,13,1,wearable,0,SNS-003,569,LOW
EVT-00078,2026-03-19 12:10:35,1,1,20,1,mobile,1,SNS-005,870,LOW
EVT-00079,2026-03-18 23:15:35,10,2,24,1,tablet,0,SNS-010,1141,MEDIUM
EVT-00080,2026-03-16 23:53:35,9,9,60,3,mobile,1,SNS-012,235,HIGH
EVT-00081,2026-03-08 04:25:35,6,3,37,2,kiosk,0,SNS-014,741,MEDIUM
EVT-00082,2026-03-21 07:04:35,2,3,8,1,wearable,0,SNS-020,767,LOW
EVT-00083,2026-03-23 20:42:35,8,6,37,3,wearable,1,SNS-001,542,HIGH
EVT-00084,2026-03-10 08:51:35,4,1,18,1,mobile,1,SNS-008,713,LOW
EVT-00085,2026-03-25 00:13:35,1,3,14,1,wearable,1,SNS-003,668,LOW
EVT-00086,2026-03-26 10:43:35,5,3,56,2,mobile,0,SNS-018,216,MEDIUM
EVT-00087,2026-03-15 05:56:35,8,9,35,2,wearable,1,SNS-014,376,MEDIUM
EVT-00088,2026-03-25 15:46:35,7,3,29,3,kiosk,0,SNS-019,744,MEDIUM
EVT-00089,2026-03-22 02:41:35,2,2,19,1,mobile,0,SNS-002,575,LOW
EVT-00090,2026-03-27 01:10:35,4,3,55,3,tablet,0,SNS-019,1005,MEDIUM
EVT-00091,2026-03-14 02:30:35,4,2,20,3,wearable,0,SNS-002,399,MEDIUM
EVT-00092,2026-03-29 11:55:35,1,1,15,1,kiosk,0,SNS-008,855,LOW
EVT-00093,2026-03-13 01:17:35,10,8,37,3,kiosk,1,SNS-009,734,HIGH
EVT-00094,2026-03-20 13:38:35,10,10,88,3,mobile,1,SNS-003,903,HIGH
EVT-00095,2026-03-18 11:42:35,8,9,64,3,kiosk,1,SNS-001,144,HIGH
EVT-00096,2026-03-06 21:59:35,9,8,48,2,tablet,0,SNS-009,545,MEDIUM
EVT-00097,2026-03-12 11:32:35,10,8,36,3,wearable,1,SNS-008,1129,HIGH
EVT-00098,2026-03-12 15:40:35,4,8,57,2,tablet,0,SNS-020,392,MEDIUM
EVT-00099,2026-03-07 01:08:35,9,10,33,3,tablet,1,SNS-009,996,HIGH
EVT-00100,2026-03-25 06:48:35,7,8,83,3,mobile,1,SNS-014,550,HIGH
EVT-00101,2026-03-22 05:05:35,3,6,70,3,wearable,0,SNS-010,723,MEDIUM
EVT-00102,2026-03-29 17:04:35,8,8,86,3,kiosk,1,SNS-009,329,HIGH
EVT-00103,2026-03-14 08:19:35,3,8,32,3,wearable,0,SNS-005,1047,MEDIUM
EVT-00104,2026-03-26 00:47:35,10,6,64,3,wearable,0,SNS-009,513,MEDIUM
EVT-00105,2026-03-29 17:42:35,4,8,8,1,tablet,1,SNS-002,895,MEDIUM
EVT-00106,2026-03-26 09:41:35,4,1,36,1,mobile,1,SNS-020,1187,MEDIUM
EVT-00107,2026-03-29 01:48:35,4,2,8,1,mobile,1,SNS-009,144,LOW
EVT-00108,2026-03-22 07:14:35,3,2,11,1,kiosk,0,SNS-013,343,LOW
EVT-00109,2026-03-08 02:03:35,7,6,86,2,mobile,1,SNS-008,447,MEDIUM
EVT-00110,2026-03-20 20:43:35,7,9,41,1,wearable,1,SNS-014,703,MEDIUM
EVT-00111,2026-03-22 20:58:35,4,3,9,1,tablet,1,SNS-016,616,LOW
EVT-00112,2026-03-25 15:09:35,8,1,65,1,kiosk,1,SNS-011,608,MEDIUM
EVT-00113,2026-03-15 02:14:35,10,1,57,3,kiosk,0,SNS-009,728,MEDIUM
EVT-00114,2026-03-03 03:36:35,4,8,51,2,mobile,1,SNS-011,704,MEDIUM
EVT-00115,2026-03-16 13:00:35,9,1,59,1,wearable,1,SNS-014,1035,MEDIUM
EVT-00116,2026-03-08 11:18:35,8,9,64,3,tablet,1,SNS-004,1011,HIGH
EVT-00117,2026-03-10 07:16:35,9,6,49,3,wearable,1,SNS-005,654,HIGH
EVT-00118,2026-03-20 02:15:35,3,5,62,3,wearable,0,SNS-014,118,MEDIUM
EVT-00119,2026-03-26 11:43:35,8,8,81,2,mobile,0,SNS-006,169,MEDIUM
EVT-00120,2026-03-28 14:44:35,9,9,76,1,wearable,1,SNS-019,213,MEDIUM
EVT-00121,2026-03-24 07:44:35,4,3,8,1,wearable,0,SNS-017,796,LOW
EVT-00122,2026-03-31 06:13:35,9,9,42,3,tablet,1,SNS-002,331,HIGH
EVT-00123,2026-03-08 21:26:35,5,8,28,2,wearable,0,SNS-009,382,MEDIUM
EVT-00124,2026-03-04 08:28:35,3,10,24,1,mobile,1,SNS-002,181,MEDIUM
EVT-00125,2026-03-31 17:39:35,4,1,15,1,wearable,0,SNS-001,890,LOW
EVT-00126,2026-03-19 10:42:35,7,7,36,3,kiosk,1,SNS-018,567,HIGH
EVT-00127,2026-03-17 23:19:35,7,9,83,3,mobile,1,SNS-014,905,HIGH
EVT-00128,2026-03-18 06:24:35,9,9,45,3,tablet,1,SNS-012,243,HIGH
EVT-00129,2026-03-23 21:40:35,2,3,60,1,kiosk,1,SNS-017,700,MEDIUM
EVT-00130,2026-03-27 01:00:35,8,6,90,3,wearable,1,SNS-005,549,HIGH
EVT-00131,2026-03-04 06:56:35,3,1,17,1,wearable,1,SNS-009,437,LOW
EVT-00132,2026-03-10 20:27:35,3,2,8,1,kiosk,1,SNS-010,550,LOW
EVT-00133,2026-03-12 00:37:35,9,8,77,3,wearable,1,SNS-018,282,HIGH
EVT-00134,2026-03-25 13:46:35,2,3,6,1,kiosk,1,SNS-008,1200,LOW
EVT-00135,2026-03-15 04:51:35,10,6,37,3,mobile,1,SNS-016,159,HIGH
EVT-00136,2026-03-04 13:23:35,8,8,42,3,kiosk,1,SNS-008,733,HIGH
EVT-00137,2026-03-12 18:46:35,9,10,74,3,mobile,1,SNS-005,818,HIGH
EVT-00138,2026-03-09 14:26:35,9,8,66,3,kiosk,1,SNS-020,105,HIGH
EVT-00139,2026-03-18 21:15:35,2,8,83,3,mobile,0,SNS-012,830,MEDIUM
EVT-00140,2026-03-08 05:36:35,5,8,33,1,wearable,1,SNS-017,824,MEDIUM
EVT-00141,2026-03-09 04:34:35,8,10,62,3,tablet,1,SNS-005,1145,HIGH
EVT-00142,2026-03-07 04:03:35,1,3,18,1,wearable,1,SNS-009,797,LOW
EVT-00143,2026-03-30 11:23:35,8,10,74,3,tablet,1,SNS-003,1124,HIGH
EVT-00144,2026-03-02 06:08:35,7,8,68,1,tablet,1,SNS-015,564,MEDIUM
EVT-00145,2026-03-08 05:47:35,7,9,69,3,kiosk,1,SNS-013,354,HIGH
EVT-00146,2026-03-13 16:17:35,7,5,61,3,tablet,0,SNS-010,753,MEDIUM
EVT-00147,2026-03-29 23:37:35,10,8,37,3,wearable,1,SNS-005,916,HIGH
EVT-00148,2026-03-29 00:53:35,1,1,9,1,tablet,1,SNS-018,840,LOW
EVT-00149,2026-03-04 10:06:35,10,7,53,3,tablet,1,SNS-007,794,HIGH
EVT-00150,2026-03-06 23:40:35,2,3,10,1,mobile,1,SNS-009,935,LOW
EVT-00151,2026-03-15 08:45:35,8,10,42,3,wearable,1,SNS-002,158,HIGH
EVT-00152,2026-03-19 18:41:35,3,3,6,1,mobile,0,SNS-011,896,LOW
EVT-00153,2026-03-16 16:10:35,8,7,78,3,mobile,1,SNS-011,595,HIGH
EVT-00154,2026-03-19 12:56:35,9,9,74,3,wearable,1,SNS-004,846,HIGH
EVT-00155,2026-03-03 16:17:35,9,8,77,3,kiosk,1,SNS-019,289,HIGH
EVT-00156,2026-03-07 16:39:35,7,2,69,1,tablet,1,SNS-010,964,MEDIUM
EVT-00157,2026-03-22 12:56:35,10,8,72,3,tablet,1,SNS-014,460,HIGH
EVT-00158,2026-03-28 13:17:35,9,9,78,3,tablet,1,SNS-005,441,HIGH
EVT-00159,2026-03-17 01:43:35,9,7,82,3,wearable,1,SNS-017,973,HIGH
EVT-00160,2026-03-17 08:28:35,9,7,59,3,tablet,1,SNS-016,1110,HIGH
EVT-00161,2026-03-29 17:06:35,5,6,83,2,mobile,1,SNS-009,244,MEDIUM
EVT-00162,2026-03-09 22:59:35,3,1,11,1,mobile,1,SNS-010,469,LOW
EVT-00163,2026-03-18 23:00:35,10,6,90,2,wearable,0,SNS-016,911,MEDIUM
EVT-00164,2026-03-10 18:02:35,2,10,62,3,kiosk,0,SNS-015,157,MEDIUM
EVT-00165,2026-03-05 08:24:35,4,3,20,1,tablet,1,SNS-016,809,LOW
EVT-00166,2026-03-22 01:53:35,7,7,38,3,tablet,1,SNS-005,997,HIGH
EVT-00167,2026-03-17 12:41:35,10,2,55,3,wearable,1,SNS-016,747,MEDIUM
EVT-00168,2026-03-18 22:44:35,1,4,35,1,tablet,1,SNS-002,847,MEDIUM
EVT-00169,2026-03-28 18:12:35,2,1,6,1,kiosk,0,SNS-015,979,LOW
EVT-00170,2026-03-16 04:27:35,10,9,68,3,mobile,1,SNS-019,402,HIGH
EVT-00171,2026-03-24 13:26:35,1,4,27,3,wearable,1,SNS-010,755,MEDIUM
EVT-00172,2026-03-31 05:56:35,5,4,22,3,mobile,0,SNS-002,307,MEDIUM
EVT-00173,2026-03-20 01:09:35,8,6,50,3,wearable,1,SNS-015,328,HIGH
EVT-00174,2026-03-12 11:35:35,4,3,14,1,mobile,0,SNS-015,621,LOW
EVT-00175,2026-03-24 18:55:35,2,2,17,1,kiosk,1,SNS-016,1084,LOW
EVT-00176,2026-03-11 05:38:35,3,7,77,3,kiosk,0,SNS-015,1077,MEDIUM
EVT-00177,2026-03-26 13:26:35,9,4,37,1,mobile,0,SNS-013,686,MEDIUM
EVT-00178,2026-03-18 09:55:35,1,10,88,2,kiosk,0,SNS-003,479,MEDIUM
EVT-00179,2026-03-29 10:35:35,10,6,43,3,wearable,1,SNS-008,499,HIGH
EVT-00180,2026-03-26 20:03:35,5,5,19,1,wearable,1,SNS-005,779,MEDIUM
EVT-00181,2026-03-13 02:51:35,8,9,35,3,tablet,1,SNS-015,960,HIGH
EVT-00182,2026-03-04 20:04:35,7,8,30,3,tablet,1,SNS-016,573,HIGH
EVT-00183,2026-03-15 02:02:35,9,6,55,3,wearable,1,SNS-009,871,HIGH
EVT-00184,2026-03-23 05:48:35,4,2,33,1,tablet,0,SNS-009,883,MEDIUM
EVT-00185,2026-03-08 02:56:35,8,6,84,3,kiosk,1,SNS-016,953,HIGH
EVT-00186,2026-03-14 01:57:35,7,10,49,3,wearable,1,SNS-018,922,HIGH
EVT-00187,2026-03-22 14:30:35,10,7,53,3,wearable,1,SNS-001,740,HIGH
EVT-00188,2026-03-16 21:25:35,9,7,68,3,tablet,1,SNS-016,1172,HIGH
EVT-00189,2026-03-11 00:20:35,3,2,14,1,mobile,0,SNS-008,1065,LOW
EVT-00190,2026-03-18 13:03:35,2,1,13,1,kiosk,0,SNS-020,711,LOW
EVT-00191,2026-03-19 15:56:35,1,8,18,1,kiosk,1,SNS-010,1168,MEDIUM
EVT-00192,2026-03-10 23:57:35,8,10,74,3,kiosk,1,SNS-013,742,HIGH
EVT-00193,2026-03-30 00:59:35,8,9,42,3,kiosk,1,SNS-020,948,HIGH
EVT-00194,2026-03-22 05:49:35,8,10,37,3,kiosk,1,SNS-020,470,HIGH
EVT-00195,2026-03-09 16:52:35,1,1,27,2,tablet,0,SNS-020,349,MEDIUM
EVT-00196,2026-03-26 08:07:35,7,4,11,1,mobile,1,SNS-017,208,MEDIUM
EVT-00197,2026-03-22 12:57:35,8,6,28,3,wearable,1,SNS-014,517,MEDIUM
EVT-00198,2026-03-07 12:23:35,1,5,22,2,mobile,1,SNS-007,784,MEDIUM
EVT-00199,2026-03-10 00:19:35,9,10,37,3,kiosk,1,SNS-011,857,HIGH
EVT-00200,2026-03-29 23:55:35,3,3,9,1,mobile,0,SNS-008,751,LOW
EVT-00201,2026-03-20 10:08:35,4,1,13,1,kiosk,0,SNS-018,243,LOW
EVT-00202,2026-03-30 20:54:35,8,7,55,3,kiosk,1,SNS-010,725,HIGH
EVT-00203,2026-03-19 12:42:35,4,3,10,1,kiosk,1,SNS-008,192,LOW
EVT-00204,2026-03-07 17:40:35,4,4,20,2,wearable,0,SNS-017,621,MEDIUM
EVT-00205,2026-03-10 08:49:35,1,2,7,1,wearable,1,SNS-016,914,LOW
EVT-00206,2026-03-12 21:32:35,5,3,6,2,wearable,1,SNS-002,230,MEDIUM
EVT-00207,2026-03-17 04:30:35,4,2,10,1,tablet,0,SNS-004,799,LOW
EVT-00208,2026-03-17 15:10:35,3,3,50,3,tablet,0,SNS-017,892,MEDIUM
EVT-00209,2026-03-12 10:03:35,1,3,15,1,mobile,0,SNS-013,515,LOW
EVT-00210,2026-03-29 16:12:35,7,6,54,3,wearable,1,SNS-005,135,HIGH
EVT-00211,2026-03-31 17:51:35,3,5,53,1,tablet,1,SNS-009,381,MEDIUM
EVT-00212,2026-03-15 06:06:35,1,2,9,1,kiosk,1,SNS-004,292,LOW
EVT-00213,2026-03-10 17:09:35,3,7,46,3,kiosk,0,SNS-007,969,MEDIUM
EVT-00214,2026-03-09 18:56:35,8,7,81,1,wearable,1,SNS-014,596,MEDIUM
EVT-00215,2026-03-13 14:58:35,9,9,84,3,mobile,1,SNS-015,713,HIGH
EVT-00216,2026-03-30 21:06:35,2,1,8,1,tablet,1,SNS-020,279,LOW
EVT-00217,2026-03-02 09:56:35,8,9,34,3,wearable,1,SNS-007,611,HIGH
EVT-00218,2026-03-02 11:41:35,1,1,90,1,kiosk,1,SNS-001,447,MEDIUM
EVT-00219,2026-03-19 08:18:35,3,2,88,3,kiosk,1,SNS-010,1053,MEDIUM
EVT-00220,2026-03-06 16:52:35,9,6,83,3,wearable,1,SNS-006,1098,HIGH
EVT-00221,2026-03-09 10:55:35,8,7,81,1,kiosk,1,SNS-016,132,MEDIUM
EVT-00222,2026-03-19 00:31:35,2,3,15,1,tablet,0,SNS-003,258,LOW
EVT-00223,2026-03-11 21:19:35,8,7,73,3,mobile,1,SNS-004,222,HIGH
EVT-00224,2026-03-23 18:06:35,6,3,89,3,tablet,0,SNS-005,356,MEDIUM
EVT-00225,2026-03-15 04:32:35,4,10,86,1,tablet,0,SNS-014,369,MEDIUM
EVT-00226,2026-03-27 10:21:35,10,9,68,3,mobile,1,SNS-016,809,HIGH
EVT-00227,2026-03-07 09:15:35,10,9,86,1,mobile,0,SNS-016,224,MEDIUM
EVT-00228,2026-03-21 22:35:35,9,2,19,2,mobile,0,SNS-004,813,MEDIUM
EVT-00229,2026-03-16 09:41:35,9,7,60,3,tablet,1,SNS-012,441,HIGH
EVT-00230,2026-03-16 03:52:35,7,9,48,3,mobile,1,SNS-016,1037,HIGH
EVT-00231,2026-03-15 22:27:35,9,7,43,3,mobile,1,SNS-010,579,HIGH
EVT-00232,2026-03-30 17:32:35,9,9,30,3,mobile,1,SNS-005,1093,HIGH
EVT-00233,2026-03-31 12:06:35,4,3,12,1,mobile,0,SNS-007,749,LOW
EVT-00234,2026-03-05 15:58:35,10,7,42,3,kiosk,1,SNS-006,938,HIGH
EVT-00235,2026-03-29 13:40:35,4,2,19,1,wearable,1,SNS-007,161,LOW
EVT-00236,2026-03-07 16:41:35,1,6,64,1,wearable,0,SNS-005,985,MEDIUM
EVT-00237,2026-03-22 05:01:35,8,6,37,3,kiosk,1,SNS-007,494,HIGH
EVT-00238,2026-03-30 01:29:35,3,2,15,1,wearable,0,SNS-001,391,LOW
EVT-00239,2026-03-31 03:42:35,7,7,40,1,wearable,1,SNS-003,284,MEDIUM
EVT-00240,2026-03-06 20:22:35,4,1,17,1,mobile,0,SNS-009,874,LOW
EVT-00241,2026-03-06 03:19:35,8,4,30,2,tablet,0,SNS-004,337,MEDIUM
EVT-00242,2026-03-25 23:51:35,1,1,12,1,wearable,1,SNS-008,544,LOW
EVT-00243,2026-03-21 22:10:35,8,3,71,3,mobile,1,SNS-001,1111,MEDIUM
EVT-00244,2026-03-17 05:18:35,6,1,22,3,kiosk,1,SNS-008,236,MEDIUM
EVT-00245,2026-03-18 01:44:35,2,3,20,1,kiosk,1,SNS-007,1030,LOW
EVT-00246,2026-03-15 18:54:35,4,2,77,1,mobile,1,SNS-011,614,MEDIUM
EVT-00247,2026-03-24 03:11:35,6,10,32,1,tablet,1,SNS-004,943,MEDIUM
EVT-00248,2026-03-08 22:20:35,3,3,14,1,kiosk,0,SNS-004,356,LOW
EVT-00249,2026-03-18 15:51:35,8,10,64,1,wearable,1,SNS-005,686,MEDIUM
EVT-00250,2026-03-18 12:39:35,1,3,19,1,mobile,1,SNS-018,745,LOW
EVT-00251,2026-03-15 10:29:35,7,10,88,3,wearable,1,SNS-003,274,HIGH
EVT-00252,2026-03-05 16:24:35,8,6,80,3,tablet,0,SNS-002,148,MEDIUM
EVT-00253,2026-03-28 01:35:35,10,10,53,3,kiosk,1,SNS-016,351,HIGH
EVT-00254,2026-03-18 00:11:35,4,2,15,1,wearable,0,SNS-015,586,LOW
EVT-00255,2026-03-20 09:06:35,1,3,19,1,tablet,1,SNS-013,770,LOW
EVT-00256,2026-03-12 14:37:35,7,8,73,3,kiosk,1,SNS-001,333,HIGH
EVT-00257,2026-03-28 12:26:35,9,7,52,3,tablet,1,SNS-004,1046,HIGH
EVT-00258,2026-03-16 16:20:35,10,7,34,1,mobile,0,SNS-020,257,MEDIUM
EVT-00259,2026-03-22 17:07:35,2,2,14,1,kiosk,0,SNS-019,1111,LOW
EVT-00260,2026-03-30 17:44:35,5,8,29,1,mobile,1,SNS-020,547,MEDIUM
EVT-00261,2026-03-20 16:43:35,1,1,16,1,kiosk,0,SNS-009,847,LOW
EVT-00262,2026-03-23 00:06:35,3,1,9,1,mobile,0,SNS-005,551,LOW
EVT-00263,2026-03-08 17:11:35,4,10,6,1,wearable,0,SNS-006,722,MEDIUM
EVT-00264,2026-03-27 22:35:35,5,6,88,2,kiosk,0,SNS-015,1141,MEDIUM
EVT-00265,2026-03-10 02:33:35,3,2,8,1,tablet,1,SNS-002,363,LOW
EVT-00266,2026-03-10 22:30:35,8,10,80,3,mobile,1,SNS-008,419,HIGH
EVT-00267,2026-03-17 04:22:35,6,10,53,3,mobile,0,SNS-006,237,MEDIUM
EVT-00268,2026-03-06 15:18:35,3,3,14,1,mobile,1,SNS-003,689,LOW
EVT-00269,2026-03-04 09:18:35,9,7,71,3,kiosk,1,SNS-003,194,HIGH
EVT-00270,2026-03-28 08:48:35,7,8,36,3,wearable,1,SNS-007,384,HIGH
EVT-00271,2026-03-24 03:18:35,9,6,88,3,mobile,1,SNS-006,362,HIGH
EVT-00272,2026-03-11 06:44:35,7,3,41,3,mobile,0,SNS-008,1178,MEDIUM
EVT-00273,2026-03-04 22:47:35,2,1,12,1,mobile,1,SNS-014,1005,LOW
EVT-00274,2026-03-12 10:41:35,9,9,38,3,wearable,1,SNS-009,617,HIGH
EVT-00275,2026-03-04 12:05:35,1,3,20,1,wearable,0,SNS-010,489,LOW
EVT-00276,2026-03-05 06:46:35,1,3,20,1,tablet,1,SNS-015,280,LOW
EVT-00277,2026-03-09 02:26:35,3,3,6,1,wearable,1,SNS-016,974,LOW
EVT-00278,2026-03-11 20:00:35,7,6,47,3,kiosk,1,SNS-010,284,HIGH
EVT-00279,2026-03-16 02:49:35,10,10,48,3,mobile,1,SNS-001,836,HIGH
EVT-00280,2026-03-13 22:33:35,9,9,76,3,wearable,1,SNS-011,923,HIGH
EVT-00281,2026-03-22 16:44:35,9,8,74,3,tablet,1,SNS-006,1120,HIGH
EVT-00282,2026-03-30 15:47:35,9,7,70,3,tablet,1,SNS-011,983,HIGH
EVT-00283,2026-03-24 14:11:35,1,3,11,1,wearable,0,SNS-002,283,LOW
EVT-00284,2026-03-03 14:46:35,5,9,36,1,wearable,0,SNS-002,194,MEDIUM
EVT-00285,2026-03-24 01:09:35,10,6,54,3,wearable,1,SNS-010,822,HIGH
EVT-00286,2026-03-18 00:01:35,1,10,54,2,kiosk,1,SNS-007,1063,MEDIUM
EVT-00287,2026-03-12 11:49:35,3,10,13,3,wearable,1,SNS-013,133,MEDIUM
EVT-00288,2026-03-20 20:10:35,8,3,47,3,tablet,0,SNS-011,385,MEDIUM
EVT-00289,2026-03-27 15:42:35,1,1,16,1,wearable,0,SNS-009,394,LOW
EVT-00290,2026-03-05 10:10:35,6,3,49,3,tablet,0,SNS-001,1155,MEDIUM
EVT-00291,2026-03-19 14:13:35,1,1,11,1,tablet,0,SNS-004,700,LOW
EVT-00292,2026-03-30 12:25:35,10,1,48,1,kiosk,1,SNS-005,1088,MEDIUM
EVT-00293,2026-03-13 06:08:35,9,6,55,3,tablet,1,SNS-020,962,HIGH
EVT-00294,2026-03-09 07:31:35,8,10,37,3,kiosk,1,SNS-002,170,HIGH
EVT-00295,2026-03-18 07:01:35,8,9,33,2,wearable,0,SNS-005,490,MEDIUM
EVT-00296,2026-03-18 12:08:35,3,2,19,1,wearable,0,SNS-015,799,LOW
EVT-00297,2026-03-30 15:24:35,8,6,20,3,mobile,0,SNS-004,719,MEDIUM
EVT-00298,2026-03-06 20:12:35,5,3,85,3,tablet,0,SNS-003,928,MEDIUM
EVT-00299,2026-03-24 13:16:35,6,5,52,1,tablet,1,SNS-009,429,MEDIUM
EVT-00300,2026-03-19 17:26:35,2,1,12,1,wearable,1,SNS-016,700,LOW
EVT-00301,2026-03-26 11:32:35,9,9,51,3,tablet,1,SNS-008,317,HIGH
EVT-00302,2026-03-03 02:38:35,10,6,8,2,mobile,0,SNS-018,376,MEDIUM
EVT-00303,2026-03-05 00:37:35,8,5,63,2,wearable,1,SNS-012,364,MEDIUM
EVT-00304,2026-03-03 02:03:35,8,7,72,3,kiosk,1,SNS-002,109,HIGH
EVT-00305,2026-03-16 23:13:35,1,8,29,3,wearable,1,SNS-008,1063,MEDIUM
EVT-00306,2026-03-28 09:49:35,3,3,13,1,kiosk,1,SNS-010,947,LOW
EVT-00307,2026-03-16 12:32:35,9,8,79,3,wearable,0,SNS-001,499,MEDIUM
EVT-00308,2026-03-29 19:35:35,7,2,46,1,tablet,1,SNS-003,1146,MEDIUM
EVT-00309,2026-03-25 09:53:35,6,1,38,2,kiosk,1,SNS-012,560,MEDIUM
EVT-00310,2026-03-05 05:09:35,8,10,47,3,wearable,1,SNS-002,303,HIGH
EVT-00311,2026-03-02 23:05:35,6,2,46,3,mobile,1,SNS-017,1080,MEDIUM
EVT-00312,2026-03-13 22:33:35,6,9,82,2,wearable,0,SNS-002,1028,MEDIUM
EVT-00313,2026-03-09 00:58:35,10,7,50,3,wearable,1,SNS-011,786,HIGH
EVT-00314,2026-03-12 08:54:35,9,8,70,1,wearable,0,SNS-006,720,MEDIUM
EVT-00315,2026-03-20 15:51:35,2,1,7,1,wearable,1,SNS-016,658,LOW
EVT-00316,2026-03-17 11:35:35,10,9,68,3,mobile,1,SNS-012,873,HIGH
EVT-00317,2026-03-16 19:53:35,4,3,9,1,wearable,1,SNS-010,221,LOW
EVT-00318,2026-03-31 15:21:35,9,7,54,3,tablet,1,SNS-005,1081,HIGH
EVT-00319,2026-03-24 17:13:35,8,7,89,3,wearable,1,SNS-014,1085,HIGH
EVT-00320,2026-03-15 03:22:35,2,1,15,1,mobile,1,SNS-018,229,LOW
EVT-00321,2026-03-18 09:36:35,1,10,58,2,kiosk,1,SNS-012,610,MEDIUM
EVT-00322,2026-03-17 03:03:35,10,7,69,3,kiosk,1,SNS-018,321,HIGH
EVT-00323,2026-03-23 22:38:35,7,5,9,2,tablet,0,SNS-005,128,MEDIUM
EVT-00324,2026-03-09 15:31:35,7,10,65,3,kiosk,1,SNS-015,1111,HIGH
EVT-00325,2026-03-28 13:52:35,4,3,10,1,wearable,1,SNS-001,359,LOW
EVT-00326,2026-03-14 07:32:35,3,10,72,1,mobile,1,SNS-004,748,MEDIUM
EVT-00327,2026-03-26 02:25:35,1,3,19,1,mobile,1,SNS-010,668,LOW
EVT-00328,2026-03-24 18:35:35,4,2,10,1,kiosk,0,SNS-005,477,LOW
EVT-00329,2026-03-21 12:50:35,10,10,64,3,kiosk,1,SNS-011,592,HIGH
EVT-00330,2026-03-30 03:01:35,7,10,81,3,wearable,1,SNS-001,387,HIGH
EVT-00331,2026-03-12 14:36:35,10,10,41,3,kiosk,1,SNS-004,661,HIGH
EVT-00332,2026-03-26 19:14:35,10,6,54,3,wearable,1,SNS-020,1102,HIGH
EVT-00333,2026-03-07 21:30:35,8,8,70,3,wearable,1,SNS-014,363,HIGH
EVT-00334,2026-03-28 00:58:35,9,10,56,3,wearable,1,SNS-006,722,HIGH
EVT-00335,2026-03-11 22:55:35,3,2,8,1,mobile,1,SNS-019,900,LOW
EVT-00336,2026-03-16 04:24:35,9,5,38,2,mobile,0,SNS-020,794,MEDIUM
EVT-00337,2026-03-29 05:15:35,10,3,60,1,kiosk,1,SNS-011,101,MEDIUM
EVT-00338,2026-03-19 17:23:35,1,7,16,1,wearable,1,SNS-008,632,MEDIUM
EVT-00339,2026-03-26 18:08:35,10,9,77,3,mobile,1,SNS-016,107,HIGH
EVT-00340,2026-03-29 07:05:35,10,6,30,3,mobile,1,SNS-017,784,HIGH
EVT-00341,2026-03-18 12:16:35,1,2,19,1,mobile,0,SNS-005,114,LOW
EVT-00342,2026-03-07 21:02:35,4,6,85,1,mobile,1,SNS-019,1127,MEDIUM
EVT-00343,2026-03-30 03:50:35,6,4,65,3,wearable,0,SNS-018,655,MEDIUM
EVT-00344,2026-03-08 01:53:35,10,8,64,3,wearable,1,SNS-006,179,HIGH
EVT-00345,2026-03-17 22:14:35,5,7,32,2,mobile,1,SNS-013,989,MEDIUM
EVT-00346,2026-03-07 07:05:35,4,8,56,3,mobile,1,SNS-019,281,MEDIUM
EVT-00347,2026-03-29 18:50:35,10,8,85,3,kiosk,1,SNS-012,1166,HIGH
EVT-00348,2026-03-05 10:13:35,3,5,18,1,wearable,0,SNS-012,980,MEDIUM
EVT-00349,2026-03-13 16:20:35,8,7,57,3,mobile,1,SNS-008,961,HIGH
EVT-00350,2026-03-01 21:40:35,10,9,88,3,kiosk,1,SNS-016,266,HIGH
EVT-00351,2026-03-15 02:14:35,5,2,15,3,tablet,0,SNS-001,864,MEDIUM
EVT-00352,2026-03-24 13:15:35,8,10,56,3,tablet,1,SNS-001,162,HIGH
EVT-00353,2026-03-16 20:23:35,1,3,17,1,wearable,1,SNS-009,1187,LOW
EVT-00354,2026-03-14 00:43:35,1,1,20,1,mobile,0,SNS-013,474,LOW
EVT-00355,2026-03-05 19:53:35,9,10,35,3,tablet,1,SNS-017,461,HIGH
EVT-00356,2026-03-03 17:34:35,4,8,80,2,tablet,0,SNS-004,1075,MEDIUM
EVT-00357,2026-03-05 20:21:35,8,10,79,1,tablet,0,SNS-008,515,MEDIUM
EVT-00358,2026-03-03 11:32:35,7,6,35,3,kiosk,1,SNS-005,1079,HIGH
EVT-00359,2026-03-13 08:46:35,4,2,56,3,mobile,1,SNS-002,845,MEDIUM
EVT-00360,2026-03-22 18:20:35,10,9,59,3,wearable,1,SNS-013,1060,HIGH
EVT-00361,2026-03-29 03:57:35,3,2,16,1,kiosk,0,SNS-011,717,LOW
EVT-00362,2026-03-28 14:47:35,8,10,84,3,wearable,1,SNS-020,958,HIGH
EVT-00363,2026-03-07 04:55:35,7,2,15,2,wearable,0,SNS-001,724,MEDIUM
EVT-00364,2026-03-19 12:38:35,4,2,61,2,mobile,1,SNS-019,288,MEDIUM
EVT-00365,2026-03-16 09:55:35,9,7,65,1,tablet,0,SNS-003,1109,MEDIUM
EVT-00366,2026-03-12 19:13:35,2,8,41,2,tablet,1,SNS-005,1126,MEDIUM
EVT-00367,2026-03-30 07:46:35,9,7,10,2,tablet,1,SNS-010,618,MEDIUM
EVT-00368,2026-03-08 14:27:35,8,7,43,3,wearable,1,SNS-017,425,HIGH
EVT-00369,2026-03-10 04:45:35,8,6,30,3,mobile,1,SNS-004,646,HIGH
EVT-00370,2026-03-04 20:02:35,8,7,74,3,wearable,1,SNS-008,122,HIGH
EVT-00371,2026-03-03 11:02:35,6,9,63,1,kiosk,0,SNS-013,1061,MEDIUM
EVT-00372,2026-03-29 13:08:35,10,7,57,3,tablet,1,SNS-011,149,HIGH
EVT-00373,2026-03-27 17:19:35,6,5,22,2,tablet,0,SNS-014,1064,MEDIUM
EVT-00374,2026-03-29 04:35:35,10,8,88,3,mobile,1,SNS-002,965,HIGH
EVT-00375,2026-03-09 13:22:35,9,6,40,3,mobile,1,SNS-004,514,HIGH
EVT-00376,2026-03-10 16:53:35,10,8,59,3,wearable,1,SNS-010,238,HIGH
EVT-00377,2026-03-08 16:44:35,7,8,72,3,tablet,1,SNS-012,879,HIGH
EVT-00378,2026-03-17 16:34:35,5,3,62,3,tablet,1,SNS-020,698,MEDIUM
EVT-00379,2026-03-07 14:14:35,3,3,31,2,mobile,1,SNS-017,733,MEDIUM
EVT-00380,2026-03-09 03:45:35,1,1,8,1,wearable,0,SNS-018,998,LOW
EVT-00381,2026-03-06 13:16:35,8,9,8,2,kiosk,1,SNS-002,858,MEDIUM
EVT-00382,2026-03-20 06:43:35,4,6,23,2,mobile,0,SNS-007,744,MEDIUM
EVT-00383,2026-03-12 17:42:35,9,7,54,3,kiosk,1,SNS-020,162,HIGH
EVT-00384,2026-03-16 02:52:35,10,4,5,1,wearable,1,SNS-012,1052,MEDIUM
EVT-00385,2026-03-06 12:09:35,8,10,36,3,wearable,1,SNS-013,352,HIGH
EVT-00386,2026-03-15 04:56:35,3,3,19,1,tablet,1,SNS-016,1135,LOW
EVT-00387,2026-03-06 10:59:35,1,1,11,1,mobile,0,SNS-014,951,LOW
EVT-00388,2026-03-16 21:02:35,10,6,42,3,tablet,1,SNS-004,747,HIGH
EVT-00389,2026-03-08 23:59:35,3,1,12,1,mobile,1,SNS-015,727,LOW
EVT-00390,2026-03-08 10:41:35,2,8,18,2,mobile,1,SNS-017,1020,MEDIUM
EVT-00391,2026-03-18 21:36:35,2,10,48,3,kiosk,1,SNS-004,1100,MEDIUM
EVT-00392,2026-03-24 19:56:35,7,7,85,3,kiosk,1,SNS-007,1169,HIGH
EVT-00393,2026-03-15 15:36:35,9,8,77,3,tablet,1,SNS-013,186,HIGH
EVT-00394,2026-03-06 09:00:35,9,7,61,3,tablet,1,SNS-009,1002,HIGH
EVT-00395,2026-03-28 17:35:35,1,8,9,1,tablet,0,SNS-014,361,MEDIUM
EVT-00396,2026-03-21 15:32:35,6,8,37,1,mobile,0,SNS-002,1150,MEDIUM
EVT-00397,2026-03-18 15:42:35,8,8,81,3,kiosk,1,SNS-009,654,HIGH
EVT-00398,2026-03-05 02:00:35,1,4,90,1,kiosk,0,SNS-004,1063,MEDIUM
EVT-00399,2026-03-17 20:29:35,2,1,10,1,wearable,1,SNS-006,425,LOW
EVT-00400,2026-03-09 11:58:35,8,7,32,2,mobile,1,SNS-020,348,MEDIUM
EVT-00401,2026-03-22 11:20:35,4,3,10,1,kiosk,0,SNS-006,134,LOW
EVT-00402,2026-03-12 23:11:35,2,2,16,1,tablet,1,SNS-013,1001,LOW
EVT-00403,2026-03-01 23:18:35,5,1,81,2,tablet,1,SNS-017,763,MEDIUM
EVT-00404,2026-03-06 03:55:35,2,1,5,1,kiosk,1,SNS-014,129,LOW
EVT-00405,2026-03-10 06:13:35,8,6,61,3,kiosk,1,SNS-012,1124,HIGH
EVT-00406,2026-03-15 22:18:35,8,9,49,3,kiosk,1,SNS-013,136,HIGH
EVT-00407,2026-03-19 11:03:35,7,1,79,2,kiosk,0,SNS-016,673,MEDIUM
EVT-00408,2026-03-06 19:29:35,8,5,87,2,tablet,1,SNS-018,102,MEDIUM
EVT-00409,2026-03-06 04:32:35,10,7,64,3,kiosk,1,SNS-020,1123,HIGH
EVT-00410,2026-03-26 12:41:35,8,9,50,3,mobile,1,SNS-006,1051,HIGH
EVT-00411,2026-03-25 04:20:35,10,8,64,3,tablet,1,SNS-011,797,HIGH
EVT-00412,2026-03-08 08:53:35,7,6,42,3,wearable,1,SNS-003,962,HIGH
EVT-00413,2026-03-28 18:56:35,2,2,6,1,mobile,0,SNS-008,533,LOW
EVT-00414,2026-03-14 22:33:35,2,3,13,1,kiosk,0,SNS-019,363,LOW
EVT-00415,2026-03-02 11:32:35,3,8,75,3,wearable,1,SNS-001,1185,MEDIUM
EVT-00416,2026-03-21 17:15:35,1,4,27,1,tablet,0,SNS-015,929,MEDIUM
EVT-00417,2026-03-09 20:50:35,3,2,6,1,tablet,0,SNS-013,1010,LOW
EVT-00418,2026-03-19 23:17:35,8,6,69,1,tablet,1,SNS-013,920,MEDIUM
EVT-00419,2026-03-25 20:29:35,7,6,79,3,tablet,1,SNS-002,357,HIGH
EVT-00420,2026-03-28 16:46:35,4,3,10,1,tablet,0,SNS-007,279,LOW
EVT-00421,2026-03-02 05:39:35,4,1,5,1,kiosk,0,SNS-016,245,LOW
EVT-00422,2026-03-12 13:13:35,1,2,16,1,tablet,0,SNS-005,115,LOW
EVT-00423,2026-03-19 17:51:35,1,2,8,1,kiosk,0,SNS-010,514,LOW
EVT-00424,2026-03-19 12:50:35,1,1,17,1,tablet,0,SNS-005,1068,LOW
EVT-00425,2026-03-03 10:09:35,2,2,9,1,kiosk,0,SNS-016,278,LOW
EVT-00426,2026-03-13 02:21:35,8,2,11,2,kiosk,0,SNS-002,206,MEDIUM
EVT-00427,2026-03-03 01:11:35,5,2,17,1,tablet,1,SNS-005,984,MEDIUM
EVT-00428,2026-03-27 05:41:35,3,1,15,1,mobile,0,SNS-014,143,LOW
EVT-00429,2026-03-14 08:39:35,7,1,9,2,tablet,0,SNS-003,1170,MEDIUM
EVT-00430,2026-03-21 14:10:35,6,2,67,1,wearable,0,SNS-004,521,MEDIUM
EVT-00431,2026-03-24 02:50:35,7,8,56,3,tablet,1,SNS-008,872,HIGH
EVT-00432,2026-03-19 00:20:35,4,6,83,1,kiosk,1,SNS-013,659,MEDIUM
EVT-00433,2026-03-28 09:25:35,3,1,15,1,mobile,0,SNS-017,318,LOW
EVT-00434,2026-03-31 06:11:35,9,4,46,1,kiosk,0,SNS-013,731,MEDIUM
EVT-00435,2026-03-25 23:03:35,3,6,84,2,mobile,0,SNS-003,715,MEDIUM
EVT-00436,2026-03-16 03:50:35,2,2,19,1,tablet,1,SNS-010,936,LOW
EVT-00437,2026-03-05 20:53:35,3,3,11,1,kiosk,0,SNS-011,1183,LOW
EVT-00438,2026-03-03 10:09:35,7,7,37,3,mobile,1,SNS-004,944,HIGH
EVT-00439,2026-03-05 21:17:35,8,10,60,3,tablet,1,SNS-011,849,HIGH
EVT-00440,2026-03-09 11:01:35,7,9,44,3,tablet,1,SNS-007,339,HIGH
EVT-00441,2026-03-25 16:56:35,9,6,73,3,kiosk,1,SNS-008,226,HIGH
EVT-00442,2026-03-04 15:47:35,10,10,52,2,mobile,1,SNS-008,962,MEDIUM
EVT-00443,2026-03-18 16:47:35,10,4,48,3,wearable,0,SNS-016,284,MEDIUM
EVT-00444,2026-03-28 18:52:35,8,7,78,3,tablet,1,SNS-011,281,HIGH
EVT-00445,2026-03-22 06:05:35,1,2,18,1,wearable,1,SNS-007,1063,LOW
EVT-00446,2026-03-26 23:56:35,3,2,9,1,mobile,0,SNS-017,1160,LOW
EVT-00447,2026-03-14 07:27:35,4,8,35,3,mobile,1,SNS-020,100,MEDIUM
EVT-00448,2026-03-13 18:33:35,8,6,7,2,mobile,0,SNS-003,1096,MEDIUM
EVT-00449,2026-03-17 11:27:35,8,6,63,3,mobile,1,SNS-007,905,HIGH
EVT-00450,2026-03-17 19:13:35,9,10,31,2,mobile,0,SNS-009,300,MEDIUM
EVT-00451,2026-03-26 20:02:35,9,9,89,3,wearable,1,SNS-001,496,HIGH
EVT-00452,2026-03-25 21:51:35,7,10,36,3,mobile,1,SNS-004,544,HIGH
EVT-00453,2026-03-03 19:34:35,1,2,20,1,tablet,0,SNS-002,835,LOW
EVT-00454,2026-03-23 11:49:35,6,1,34,3,mobile,1,SNS-005,640,MEDIUM
EVT-00455,2026-03-10 05:49:35,1,3,7,1,kiosk,0,SNS-020,502,LOW
EVT-00456,2026-03-15 07:22:35,7,8,59,3,kiosk,1,SNS-012,652,HIGH
EVT-00457,2026-03-06 07:16:35,3,2,8,1,wearable,0,SNS-007,994,LOW
EVT-00458,2026-03-27 23:12:35,4,2,11,1,kiosk,1,SNS-007,969,LOW
EVT-00459,2026-03-16 02:50:35,4,9,40,1,wearable,1,SNS-005,255,MEDIUM
EVT-00460,2026-03-16 08:04:35,1,1,16,1,wearable,0,SNS-005,1042,LOW
EVT-00461,2026-03-21 07:32:35,10,6,34,3,mobile,1,SNS-011,167,HIGH
EVT-00462,2026-03-21 16:54:35,8,3,11,1,mobile,0,SNS-015,642,MEDIUM
EVT-00463,2026-03-19 13:09:35,7,1,16,3,kiosk,0,SNS-006,351,MEDIUM
EVT-00464,2026-03-28 08:25:35,10,9,71,3,kiosk,1,SNS-019,1076,HIGH
EVT-00465,2026-03-23 06:09:35,10,6,78,3,mobile,1,SNS-006,591,HIGH
EVT-00466,2026-03-31 19:37:35,10,9,62,1,tablet,1,SNS-008,734,MEDIUM
EVT-00467,2026-03-05 05:20:35,1,2,18,1,wearable,1,SNS-020,691,LOW
EVT-00468,2026-03-29 19:48:35,5,9,47,3,mobile,1,SNS-006,568,MEDIUM
EVT-00469,2026-03-27 01:52:35,8,5,71,2,tablet,1,SNS-012,815,MEDIUM
EVT-00470,2026-03-28 13:37:35,7,8,76,3,kiosk,1,SNS-020,629,HIGH
EVT-00471,2026-03-14 16:23:35,8,5,33,2,tablet,1,SNS-020,667,MEDIUM
EVT-00472,2026-03-14 21:48:35,2,3,10,1,wearable,1,SNS-015,1194,LOW
EVT-00473,2026-03-18 03:51:35,10,1,66,1,wearable,0,SNS-003,998,MEDIUM
EVT-00474,2026-03-03 08:01:35,7,8,53,3,tablet,0,SNS-011,400,MEDIUM
EVT-00475,2026-03-15 03:57:35,4,1,9,1,tablet,0,SNS-013,1111,LOW
EVT-00476,2026-03-28 08:55:35,7,5,79,1,mobile,0,SNS-010,709,MEDIUM
EVT-00477,2026-03-25 21:24:35,2,5,37,2,mobile,0,SNS-012,1198,MEDIUM
EVT-00478,2026-03-12 04:27:35,6,8,70,1,tablet,1,SNS-014,403,MEDIUM
EVT-00479,2026-03-28 12:56:35,6,7,25,1,tablet,0,SNS-002,371,MEDIUM
EVT-00480,2026-03-15 16:43:35,10,8,77,3,mobile,1,SNS-019,1158,HIGH
EVT-00481,2026-03-28 09:06:35,2,6,44,1,tablet,0,SNS-002,705,MEDIUM
EVT-00482,2026-03-22 17:30:35,4,1,42,3,mobile,1,SNS-020,423,MEDIUM
EVT-00483,2026-03-28 18:14:35,8,1,37,3,kiosk,0,SNS-009,531,MEDIUM
EVT-00484,2026-03-21 20:13:35,7,7,83,3,kiosk,1,SNS-006,512,HIGH
EVT-00485,2026-03-17 21:28:35,4,3,9,1,tablet,0,SNS-008,214,LOW
EVT-00486,2026-03-11 05:31:35,7,6,76,3,kiosk,1,SNS-013,806,HIGH
EVT-00487,2026-03-14 14:05:35,1,2,18,1,wearable,1,SNS-007,948,LOW
EVT-00488,2026-03-13 01:48:35,1,10,16,3,wearable,0,SNS-004,1101,MEDIUM
EVT-00489,2026-03-20 20:24:35,9,7,61,3,kiosk,1,SNS-001,1053,HIGH
EVT-00490,2026-03-18 16:35:35,7,9,87,1,kiosk,0,SNS-001,490,MEDIUM
EVT-00491,2026-03-16 20:29:35,5,3,14,3,mobile,1,SNS-011,428,MEDIUM
EVT-00492,2026-03-28 22:37:35,2,2,10,1,kiosk,0,SNS-017,1053,LOW
EVT-00493,2026-03-05 20:22:35,7,10,79,3,tablet,1,SNS-007,607,HIGH
EVT-00494,2026-03-14 01:17:35,8,7,24,3,wearable,0,SNS-016,472,MEDIUM
EVT-00495,2026-03-14 23:01:35,5,9,67,3,tablet,1,SNS-014,747,MEDIUM
EVT-00496,2026-03-04 23:20:35,3,2,7,1,mobile,1,SNS-014,331,LOW
EVT-00497,2026-03-24 12:15:35,10,9,9,2,tablet,1,SNS-002,696,MEDIUM
EVT-00498,2026-03-13 11:51:35,1,6,89,3,tablet,1,SNS-001,509,MEDIUM
EVT-00499,2026-03-10 03:04:35,9,10,45,3,wearable,1,SNS-017,770,HIGH
EVT-00500,2026-03-15 12:36:35,7,8,83,3,tablet,1,SNS-003,438,HIGH
EVT-00501,2026-03-18 21:49:35,1,3,27,3,tablet,0,SNS-010,1095,MEDIUM
EVT-00502,2026-03-15 20:11:35,10,9,54,3,kiosk,1,SNS-014,785,HIGH
EVT-00503,2026-03-11 01:05:35,3,7,50,2,wearable,0,SNS-019,1189,MEDIUM
EVT-00504,2026-03-07 19:29:35,2,2,11,1,tablet,0,SNS-005,1021,LOW
EVT-00505,2026-03-03 18:05:35,9,7,78,3,wearable,1,SNS-017,567,HIGH
EVT-00506,2026-03-28 09:22:35,3,3,9,1,mobile,0,SNS-002,1008,LOW
EVT-00507,2026-03-16 20:30:35,1,8,56,1,wearable,1,SNS-018,558,MEDIUM
EVT-00508,2026-03-21 22:49:35,3,1,17,1,wearable,0,SNS-007,784,LOW
EVT-00509,2026-03-23 21:05:35,1,10,40,3,tablet,0,SNS-003,129,MEDIUM
EVT-00510,2026-03-02 22:59:35,7,7,37,3,kiosk,1,SNS-016,185,HIGH
EVT-00511,2026-03-09 13:59:35,8,4,39,1,tablet,1,SNS-005,949,MEDIUM
EVT-00512,2026-03-20 21:06:35,3,3,13,1,tablet,1,SNS-011,236,LOW
EVT-00513,2026-03-07 23:24:35,9,9,61,3,tablet,1,SNS-012,742,HIGH
EVT-00514,2026-03-07 09:30:35,9,7,64,3,mobile,1,SNS-018,987,HIGH
EVT-00515,2026-03-10 22:14:35,8,7,57,3,tablet,1,SNS-020,190,HIGH
EVT-00516,2026-03-26 20:52:35,1,2,9,1,kiosk,1,SNS-007,1015,LOW
EVT-00517,2026-03-25 03:49:35,9,9,40,3,kiosk,1,SNS-006,113,HIGH
EVT-00518,2026-03-07 16:35:35,9,2,27,2,kiosk,0,SNS-008,931,MEDIUM
EVT-00519,2026-03-02 02:19:35,8,8,89,3,tablet,1,SNS-003,350,HIGH
EVT-00520,2026-03-20 13:21:35,9,2,45,3,tablet,1,SNS-014,1093,MEDIUM
EVT-00521,2026-03-18 14:37:35,9,10,42,3,kiosk,1,SNS-013,364,HIGH
EVT-00522,2026-03-24 01:07:35,9,3,12,2,kiosk,1,SNS-002,350,MEDIUM
EVT-00523,2026-03-07 15:56:35,10,6,36,3,mobile,1,SNS-010,256,HIGH
EVT-00524,2026-03-08 20:35:35,9,10,74,3,kiosk,1,SNS-004,1069,HIGH
EVT-00525,2026-03-04 20:27:35,5,10,79,2,wearable,0,SNS-004,675,MEDIUM
EVT-00526,2026-03-28 14:13:35,9,8,78,3,wearable,1,SNS-016,705,HIGH
EVT-00527,2026-03-13 12:16:35,1,1,45,2,mobile,0,SNS-019,1052,MEDIUM
EVT-00528,2026-03-22 22:07:35,10,9,49,1,mobile,1,SNS-016,621,MEDIUM
EVT-00529,2026-03-15 22:20:35,10,1,27,2,mobile,1,SNS-012,262,MEDIUM
EVT-00530,2026-03-22 06:57:35,10,10,61,3,mobile,1,SNS-003,951,HIGH
EVT-00531,2026-03-20 17:07:35,9,4,58,2,wearable,1,SNS-007,114,MEDIUM
EVT-00532,2026-03-07 10:14:35,1,1,8,1,tablet,1,SNS-020,719,LOW
EVT-00533,2026-03-26 14:33:35,4,2,17,1,kiosk,1,SNS-001,142,LOW
EVT-00534,2026-03-23 08:13:35,6,9,36,1,tablet,0,SNS-013,732,MEDIUM
EVT-00535,2026-03-18 01:08:35,7,10,73,3,tablet,1,SNS-005,1138,HIGH
EVT-00536,2026-03-25 07:23:35,3,7,47,2,wearable,1,SNS-017,303,MEDIUM
EVT-00537,2026-03-22 01:35:35,2,2,11,1,tablet,1,SNS-010,614,LOW
EVT-00538,2026-03-22 22:18:35,9,1,35,1,tablet,1,SNS-013,1183,MEDIUM
EVT-00539,2026-03-19 19:13:35,5,10,34,2,wearable,1,SNS-014,342,MEDIUM
EVT-00540,2026-03-10 07:07:35,2,1,89,3,wearable,1,SNS-003,507,MEDIUM
EVT-00541,2026-03-06 00:16:35,1,3,12,1,wearable,1,SNS-008,1176,LOW
EVT-00542,2026-03-21 11:00:35,3,3,7,1,mobile,1,SNS-017,1094,LOW
EVT-00543,2026-03-21 01:28:35,9,10,49,3,kiosk,1,SNS-015,1189,HIGH
EVT-00544,2026-03-22 06:28:35,6,6,39,1,tablet,1,SNS-012,862,MEDIUM
EVT-00545,2026-03-08 17:58:35,1,2,89,2,wearable,0,SNS-001,389,MEDIUM
EVT-00546,2026-03-22 02:52:35,2,2,12,1,kiosk,1,SNS-005,858,LOW
EVT-00547,2026-03-11 22:09:35,3,7,30,2,tablet,0,SNS-015,862,MEDIUM
EVT-00548,2026-03-26 08:18:35,9,9,80,3,kiosk,1,SNS-019,867,HIGH
EVT-00549,2026-03-10 16:24:35,8,3,86,3,mobile,1,SNS-009,282,MEDIUM
EVT-00550,2026-03-14 03:09:35,3,2,9,1,mobile,0,SNS-002,720,LOW
EVT-00551,2026-03-26 12:07:35,3,1,5,1,kiosk,0,SNS-007,970,LOW
EVT-00552,2026-03-17 13:47:35,10,9,5,1,mobile,0,SNS-017,442,MEDIUM
EVT-00553,2026-03-16 19:18:35,7,10,73,3,mobile,1,SNS-018,723,HIGH
EVT-00554,2026-03-03 00:53:35,8,2,43,1,wearable,1,SNS-016,871,MEDIUM
EVT-00555,2026-03-13 15:54:35,4,3,63,3,wearable,1,SNS-002,244,MEDIUM
EVT-00556,2026-03-10 04:16:35,10,2,22,2,wearable,0,SNS-015,132,MEDIUM
EVT-00557,2026-03-31 04:39:35,10,9,86,3,wearable,1,SNS-011,434,HIGH
EVT-00558,2026-03-12 23:22:35,9,9,65,3,kiosk,1,SNS-004,1188,HIGH
EVT-00559,2026-03-17 22:11:35,1,7,28,3,wearable,1,SNS-019,1099,MEDIUM
EVT-00560,2026-03-27 02:17:35,9,4,77,2,mobile,0,SNS-005,1047,MEDIUM
EVT-00561,2026-03-17 05:05:35,7,10,83,3,wearable,1,SNS-008,529,HIGH
EVT-00562,2026-03-16 00:40:35,2,1,15,1,wearable,0,SNS-011,540,LOW
EVT-00563,2026-03-02 03:42:35,3,1,10,1,mobile,1,SNS-015,928,LOW
EVT-00564,2026-03-28 17:29:35,7,7,74,3,wearable,1,SNS-002,1174,HIGH
EVT-00565,2026-03-08 06:16:35,8,9,38,3,tablet,1,SNS-007,101,HIGH
EVT-00566,2026-03-09 13:46:35,3,2,39,3,wearable,1,SNS-001,292,MEDIUM
EVT-00567,2026-03-13 07:12:35,3,3,17,1,mobile,0,SNS-011,983,LOW
EVT-00568,2026-03-10 15:52:35,3,1,16,1,tablet,0,SNS-007,538,LOW
EVT-00569,2026-03-02 07:23:35,1,9,5,3,tablet,0,SNS-019,965,MEDIUM
EVT-00570,2026-03-08 16:20:35,9,6,17,1,tablet,1,SNS-003,1078,MEDIUM
EVT-00571,2026-03-11 23:12:35,8,1,30,3,kiosk,1,SNS-010,462,MEDIUM
EVT-00572,2026-03-20 12:26:35,4,6,26,3,kiosk,1,SNS-018,819,MEDIUM
EVT-00573,2026-03-27 01:50:35,8,9,67,3,tablet,1,SNS-009,545,HIGH
EVT-00574,2026-03-07 08:17:35,8,8,23,2,mobile,1,SNS-016,181,MEDIUM
EVT-00575,2026-03-31 12:59:35,2,1,17,1,wearable,1,SNS-018,1096,LOW
EVT-00576,2026-03-30 05:23:35,8,10,55,2,wearable,0,SNS-017,839,MEDIUM
EVT-00577,2026-03-07 23:58:35,10,1,43,3,mobile,0,SNS-005,313,MEDIUM
EVT-00578,2026-03-21 01:52:35,1,7,53,1,wearable,0,SNS-010,812,MEDIUM
EVT-00579,2026-03-20 05:00:35,1,2,12,2,mobile,0,SNS-014,856,MEDIUM
EVT-00580,2026-03-03 09:45:35,1,5,77,2,tablet,1,SNS-018,582,MEDIUM
EVT-00581,2026-03-15 09:36:35,9,8,26,3,kiosk,0,SNS-017,772,MEDIUM
EVT-00582,2026-03-12 15:45:35,8,8,59,3,wearable,1,SNS-002,347,HIGH
EVT-00583,2026-03-08 07:05:35,2,8,28,1,wearable,0,SNS-011,329,MEDIUM
EVT-00584,2026-03-04 10:33:35,1,8,54,3,tablet,0,SNS-007,988,MEDIUM
EVT-00585,2026-03-29 21:30:35,9,10,50,3,kiosk,1,SNS-012,504,HIGH
EVT-00586,2026-03-25 05:57:35,4,2,10,1,tablet,0,SNS-015,945,LOW
EVT-00587,2026-03-05 17:55:35,1,9,9,1,tablet,0,SNS-017,585,MEDIUM
EVT-00588,2026-03-09 14:39:35,4,5,10,1,tablet,0,SNS-015,998,MEDIUM
EVT-00589,2026-03-22 00:14:35,3,10,62,3,wearable,1,SNS-015,674,MEDIUM
EVT-00590,2026-03-28 21:36:35,5,4,48,2,mobile,0,SNS-015,324,MEDIUM
EVT-00591,2026-03-08 04:32:35,8,7,90,3,kiosk,1,SNS-018,1109,HIGH
EVT-00592,2026-03-30 13:17:35,1,2,11,1,tablet,1,SNS-020,1091,LOW
EVT-00593,2026-03-14 15:49:35,9,10,52,3,wearable,1,SNS-012,1155,HIGH
EVT-00594,2026-03-31 05:47:35,7,9,60,2,mobile,1,SNS-001,213,MEDIUM
EVT-00595,2026-03-03 21:48:35,8,1,32,2,kiosk,0,SNS-005,229,MEDIUM
EVT-00596,2026-03-05 14:58:35,8,10,85,2,wearable,0,SNS-008,581,MEDIUM
EVT-00597,2026-03-20 23:34:35,7,7,81,3,kiosk,1,SNS-018,864,HIGH
EVT-00598,2026-03-24 18:30:35,9,5,44,1,tablet,0,SNS-005,562,MEDIUM
EVT-00599,2026-03-22 16:21:35,7,5,46,2,tablet,1,SNS-011,915,MEDIUM
EVT-00600,2026-03-04 18:38:35,10,6,31,3,wearable,1,SNS-020,234,HIGH
EVT-00601,2026-03-10 07:16:35,4,1,35,1,kiosk,0,SNS-004,810,MEDIUM
EVT-00602,2026-03-21 06:53:35,10,10,69,3,wearable,1,SNS-001,191,HIGH
EVT-00603,2026-03-16 22:29:35,4,9,6,1,wearable,0,SNS-018,307,MEDIUM
EVT-00604,2026-03-29 21:53:35,3,5,60,1,tablet,0,SNS-019,762,MEDIUM
EVT-00605,2026-03-30 23:24:35,10,4,20,1,tablet,1,SNS-004,254,MEDIUM
EVT-00606,2026-03-14 09:55:35,4,4,27,1,mobile,0,SNS-008,672,MEDIUM
EVT-00607,2026-03-16 15:44:35,8,5,33,2,kiosk,1,SNS-006,1086,MEDIUM
EVT-00608,2026-03-26 20:51:35,6,8,34,3,wearable,1,SNS-010,901,MEDIUM
EVT-00609,2026-03-28 14:24:35,8,7,82,3,kiosk,0,SNS-012,723,MEDIUM
EVT-00610,2026-03-23 09:13:35,8,10,81,3,wearable,1,SNS-006,562,HIGH
EVT-00611,2026-03-17 19:34:35,5,1,80,1,kiosk,1,SNS-018,287,MEDIUM
EVT-00612,2026-03-25 05:44:35,5,6,78,1,wearable,0,SNS-007,525,MEDIUM
EVT-00613,2026-03-08 02:20:35,1,7,35,3,wearable,1,SNS-012,320,MEDIUM
EVT-00614,2026-03-18 08:36:35,7,4,41,3,tablet,1,SNS-002,158,MEDIUM
EVT-00615,2026-03-07 22:38:35,6,1,18,3,tablet,1,SNS-008,542,MEDIUM
EVT-00616,2026-03-22 13:09:35,9,6,77,3,kiosk,1,SNS-011,971,HIGH
EVT-00617,2026-03-18 20:33:35,5,9,63,2,mobile,1,SNS-011,1027,MEDIUM
EVT-00618,2026-03-18 05:37:35,2,8,53,1,tablet,0,SNS-011,463,MEDIUM
EVT-00619,2026-03-30 08:27:35,4,1,14,1,mobile,0,SNS-007,892,LOW
EVT-00620,2026-03-17 02:23:35,2,3,90,2,wearable,1,SNS-016,555,MEDIUM
EVT-00621,2026-03-11 13:32:35,8,8,51,3,wearable,1,SNS-004,410,HIGH
EVT-00622,2026-03-11 05:22:35,10,6,65,3,tablet,1,SNS-011,131,HIGH
EVT-00623,2026-03-27 11:23:35,10,6,63,2,mobile,1,SNS-018,225,MEDIUM
EVT-00624,2026-03-08 06:14:35,8,2,51,2,kiosk,0,SNS-018,913,MEDIUM
EVT-00625,2026-03-22 20:56:35,2,9,44,3,tablet,1,SNS-013,1132,MEDIUM
EVT-00626,2026-03-03 08:47:35,8,2,66,1,wearable,1,SNS-005,224,MEDIUM
EVT-00627,2026-03-30 01:45:35,10,10,56,3,wearable,1,SNS-015,476,HIGH
EVT-00628,2026-03-11 20:43:35,5,1,38,2,wearable,0,SNS-011,337,MEDIUM
EVT-00629,2026-03-15 12:25:35,3,7,5,2,tablet,1,SNS-006,545,MEDIUM
EVT-00630,2026-03-15 02:55:35,1,9,55,2,tablet,0,SNS-003,206,MEDIUM
EVT-00631,2026-03-19 13:54:35,2,8,40,3,wearable,1,SNS-017,317,MEDIUM
EVT-00632,2026-03-23 10:49:35,1,1,18,3,mobile,1,SNS-007,344,MEDIUM
EVT-00633,2026-03-11 02:37:35,6,7,33,3,tablet,1,SNS-014,499,MEDIUM
EVT-00634,2026-03-02 23:08:35,8,7,61,3,kiosk,1,SNS-002,990,HIGH
EVT-00635,2026-03-12 07:44:35,10,8,66,2,wearable,1,SNS-006,1070,MEDIUM
EVT-00636,2026-03-02 18:49:35,8,6,77,3,mobile,1,SNS-011,786,HIGH
EVT-00637,2026-03-06 23:49:35,3,8,78,2,mobile,1,SNS-007,548,MEDIUM
EVT-00638,2026-03-12 00:15:35,7,10,44,3,kiosk,1,SNS-001,903,HIGH
EVT-00639,2026-03-25 19:36:35,7,8,82,3,tablet,1,SNS-017,530,HIGH
EVT-00640,2026-03-04 02:26:35,7,6,50,3,mobile,1,SNS-018,389,HIGH
EVT-00641,2026-03-27 14:04:35,10,10,85,3,tablet,1,SNS-011,565,HIGH
EVT-00642,2026-03-24 08:27:35,7,6,80,3,tablet,1,SNS-011,562,HIGH
EVT-00643,2026-03-31 12:10:35,10,2,73,3,kiosk,0,SNS-007,722,MEDIUM
EVT-00644,2026-03-26 08:37:35,1,1,5,1,kiosk,0,SNS-016,393,LOW
EVT-00645,2026-03-29 15:37:35,9,1,67,3,wearable,1,SNS-011,989,MEDIUM
EVT-00646,2026-03-13 03:30:35,3,1,8,1,kiosk,1,SNS-005,552,LOW
EVT-00647,2026-03-10 14:32:35,9,6,47,1,wearable,0,SNS-005,1074,MEDIUM
EVT-00648,2026-03-13 14:46:35,4,3,13,1,mobile,1,SNS-004,136,LOW
EVT-00649,2026-03-19 21:09:35,7,9,55,3,wearable,1,SNS-007,746,HIGH
EVT-00650,2026-03-09 14:17:35,10,9,61,3,kiosk,1,SNS-015,807,HIGH
EVT-00651,2026-03-08 16:59:35,10,6,10,1,tablet,1,SNS-016,1003,MEDIUM
EVT-00652,2026-03-15 20:49:35,8,3,70,3,kiosk,0,SNS-015,879,MEDIUM
EVT-00653,2026-03-23 07:51:35,2,3,10,1,tablet,1,SNS-017,933,LOW
EVT-00654,2026-03-17 04:01:35,8,9,31,2,mobile,1,SNS-009,472,MEDIUM
EVT-00655,2026-03-09 17:20:35,8,7,61,3,kiosk,1,SNS-005,298,HIGH
EVT-00656,2026-03-07 03:40:35,5,7,20,2,kiosk,0,SNS-017,274,MEDIUM
EVT-00657,2026-03-12 11:29:35,4,1,16,1,wearable,1,SNS-011,280,LOW
EVT-00658,2026-03-08 21:47:35,10,8,80,3,tablet,1,SNS-007,487,HIGH
EVT-00659,2026-03-13 05:30:35,5,6,89,3,kiosk,1,SNS-002,579,MEDIUM
EVT-00660,2026-03-25 06:55:35,4,3,10,1,tablet,1,SNS-019,461,LOW
EVT-00661,2026-03-18 02:47:35,4,1,8,1,wearable,1,SNS-003,1165,LOW
EVT-00662,2026-03-14 19:59:35,9,9,57,3,kiosk,1,SNS-008,621,HIGH
EVT-00663,2026-03-27 21:25:35,8,9,55,3,tablet,1,SNS-006,1156,HIGH
EVT-00664,2026-03-09 12:05:35,6,2,56,2,wearable,0,SNS-017,512,MEDIUM
EVT-00665,2026-03-21 11:52:35,8,10,66,3,kiosk,1,SNS-015,830,HIGH
EVT-00666,2026-03-21 03:58:35,8,9,83,3,kiosk,1,SNS-020,1115,HIGH
EVT-00667,2026-03-10 17:52:35,2,3,16,1,kiosk,1,SNS-005,121,LOW
EVT-00668,2026-03-04 16:33:35,9,9,60,3,tablet,1,SNS-011,515,HIGH
EVT-00669,2026-03-12 10:01:35,10,3,40,3,kiosk,0,SNS-015,884,MEDIUM
EVT-00670,2026-03-31 06:13:35,2,9,64,3,mobile,0,SNS-005,579,MEDIUM
EVT-00671,2026-03-26 03:35:35,10,7,35,3,tablet,1,SNS-013,827,HIGH
EVT-00672,2026-03-16 17:37:35,9,10,73,3,kiosk,1,SNS-016,1103,HIGH
EVT-00673,2026-03-31 13:48:35,7,4,55,3,mobile,1,SNS-006,1169,MEDIUM
EVT-00674,2026-03-23 22:26:35,9,7,71,3,tablet,1,SNS-004,248,HIGH
EVT-00675,2026-03-18 07:59:35,9,10,70,3,kiosk,1,SNS-008,1089,HIGH
EVT-00676,2026-03-10 10:50:35,9,3,26,3,tablet,0,SNS-003,929,MEDIUM
EVT-00677,2026-03-10 14:39:35,3,10,85,3,kiosk,0,SNS-015,935,MEDIUM
EVT-00678,2026-03-26 11:18:35,4,3,7,1,wearable,1,SNS-007,661,LOW
EVT-00679,2026-03-25 22:53:35,9,10,62,3,wearable,1,SNS-020,996,HIGH
EVT-00680,2026-03-27 06:59:35,3,2,8,1,mobile,0,SNS-014,807,LOW
EVT-00681,2026-03-20 07:19:35,5,4,48,1,mobile,1,SNS-012,162,MEDIUM
EVT-00682,2026-03-06 04:07:35,9,3,28,1,tablet,0,SNS-004,736,MEDIUM
EVT-00683,2026-03-23 13:33:35,10,4,21,1,mobile,1,SNS-015,429,MEDIUM
EVT-00684,2026-03-19 01:02:35,2,4,17,2,wearable,1,SNS-003,939,MEDIUM
EVT-00685,2026-03-17 19:53:35,8,6,51,3,wearable,1,SNS-019,1048,HIGH
EVT-00686,2026-03-15 17:06:35,9,7,50,3,wearable,1,SNS-015,410,HIGH
EVT-00687,2026-03-14 14:50:35,1,1,12,1,mobile,0,SNS-003,591,LOW
EVT-00688,2026-03-29 15:48:35,8,9,33,3,mobile,1,SNS-001,1128,HIGH
EVT-00689,2026-03-09 07:24:35,10,8,41,3,mobile,1,SNS-009,487,HIGH
EVT-00690,2026-03-27 07:07:35,7,5,55,3,mobile,0,SNS-015,252,MEDIUM
EVT-00691,2026-03-09 20:56:35,10,7,50,3,tablet,0,SNS-010,310,MEDIUM
EVT-00692,2026-03-06 06:59:35,4,4,81,2,tablet,0,SNS-019,834,MEDIUM
EVT-00693,2026-03-24 06:37:35,2,2,7,1,mobile,0,SNS-012,197,LOW
EVT-00694,2026-03-18 21:52:35,2,8,36,3,wearable,1,SNS-003,910,MEDIUM
EVT-00695,2026-03-22 18:45:35,6,8,28,3,mobile,0,SNS-009,334,MEDIUM
EVT-00696,2026-03-03 01:03:35,4,1,81,2,mobile,1,SNS-004,337,MEDIUM
EVT-00697,2026-03-09 13:30:35,10,7,77,3,mobile,1,SNS-013,950,HIGH
EVT-00698,2026-03-17 12:20:35,8,6,35,3,kiosk,1,SNS-016,1041,HIGH
EVT-00699,2026-03-05 21:58:35,4,8,8,1,tablet,1,SNS-012,234,MEDIUM
EVT-00700,2026-03-25 07:23:35,9,9,51,3,wearable,1,SNS-013,948,HIGH
EVT-00701,2026-03-28 04:00:35,6,7,54,2,wearable,1,SNS-003,525,MEDIUM
EVT-00702,2026-03-09 01:31:35,5,1,38,3,tablet,1,SNS-012,873,MEDIUM
EVT-00703,2026-03-13 17:14:35,3,7,51,1,tablet,0,SNS-017,1028,MEDIUM
EVT-00704,2026-03-21 20:34:35,4,3,13,1,tablet,1,SNS-011,321,LOW
EVT-00705,2026-03-27 15:13:35,10,10,90,3,kiosk,1,SNS-017,534,HIGH
EVT-00706,2026-03-23 09:27:35,9,8,34,1,wearable,0,SNS-006,603,MEDIUM
EVT-00707,2026-03-06 18:30:35,7,1,33,1,wearable,0,SNS-013,353,MEDIUM
EVT-00708,2026-03-06 18:02:35,7,7,73,3,wearable,1,SNS-016,220,HIGH
EVT-00709,2026-03-17 03:57:35,9,1,15,1,mobile,0,SNS-018,877,MEDIUM
EVT-00710,2026-03-31 04:47:35,9,5,27,3,kiosk,0,SNS-008,700,MEDIUM
EVT-00711,2026-03-29 21:43:35,3,1,8,1,mobile,1,SNS-008,1159,LOW
EVT-00712,2026-03-08 11:43:35,7,7,72,3,mobile,1,SNS-011,816,HIGH
EVT-00713,2026-03-24 10:58:35,9,5,31,3,tablet,1,SNS-016,689,MEDIUM
EVT-00714,2026-03-21 14:30:35,1,5,60,3,kiosk,0,SNS-020,216,MEDIUM
EVT-00715,2026-03-11 16:54:35,1,3,20,1,kiosk,0,SNS-001,425,LOW
EVT-00716,2026-03-22 00:28:35,9,6,78,3,wearable,1,SNS-007,742,HIGH
EVT-00717,2026-03-07 05:45:35,8,8,39,2,tablet,0,SNS-013,416,MEDIUM
EVT-00718,2026-03-18 20:57:35,1,6,50,1,mobile,0,SNS-013,454,MEDIUM
EVT-00719,2026-03-15 21:11:35,4,4,47,3,tablet,0,SNS-020,913,MEDIUM
EVT-00720,2026-03-13 13:28:35,5,1,26,2,wearable,0,SNS-003,834,MEDIUM
EVT-00721,2026-03-22 20:49:35,8,6,28,2,tablet,0,SNS-018,589,MEDIUM
EVT-00722,2026-03-17 20:43:35,2,10,47,3,wearable,0,SNS-012,514,MEDIUM
EVT-00723,2026-03-07 07:32:35,2,8,82,1,kiosk,0,SNS-020,1088,MEDIUM
EVT-00724,2026-03-09 14:27:35,2,6,73,1,mobile,1,SNS-006,239,MEDIUM
EVT-00725,2026-03-14 10:41:35,1,1,20,1,wearable,0,SNS-015,230,LOW
EVT-00726,2026-03-24 15:49:35,2,4,54,2,tablet,1,SNS-008,761,MEDIUM
EVT-00727,2026-03-12 10:36:35,5,9,43,3,kiosk,1,SNS-012,158,MEDIUM
EVT-00728,2026-03-28 22:38:35,1,3,90,3,kiosk,1,SNS-017,1049,MEDIUM
EVT-00729,2026-03-20 03:28:35,7,7,34,1,tablet,1,SNS-007,466,MEDIUM
EVT-00730,2026-03-08 19:23:35,9,9,61,3,tablet,1,SNS-011,741,HIGH
EVT-00731,2026-03-17 09:53:35,6,4,15,3,mobile,0,SNS-009,486,MEDIUM
EVT-00732,2026-03-10 19:27:35,5,8,89,2,mobile,1,SNS-013,424,MEDIUM
EVT-00733,2026-03-16 05:17:35,3,3,62,2,mobile,1,SNS-003,1009,MEDIUM
EVT-00734,2026-03-06 20:02:35,7,9,60,3,kiosk,1,SNS-004,1190,HIGH
EVT-00735,2026-03-15 06:05:35,8,9,80,3,kiosk,1,SNS-019,227,HIGH
EVT-00736,2026-03-04 21:27:35,8,8,59,3,kiosk,1,SNS-004,599,HIGH
EVT-00737,2026-03-27 05:25:35,10,8,38,3,tablet,1,SNS-004,979,HIGH
EVT-00738,2026-03-16 04:28:35,4,5,44,3,tablet,0,SNS-003,190,MEDIUM
EVT-00739,2026-03-07 10:46:35,8,7,44,3,wearable,1,SNS-013,799,HIGH
EVT-00740,2026-03-07 06:17:35,9,6,47,2,kiosk,1,SNS-005,859,MEDIUM
EVT-00741,2026-03-24 21:30:35,5,8,31,3,tablet,0,SNS-006,1009,MEDIUM
EVT-00742,2026-03-13 19:26:35,9,6,54,3,mobile,1,SNS-016,877,HIGH
EVT-00743,2026-03-03 23:37:35,8,10,57,3,mobile,1,SNS-014,212,HIGH
EVT-00744,2026-03-04 11:54:35,4,3,18,1,mobile,0,SNS-006,205,LOW
EVT-00745,2026-03-28 04:16:35,9,8,77,3,kiosk,1,SNS-004,218,HIGH
EVT-00746,2026-03-28 21:41:35,6,7,59,3,wearable,1,SNS-005,340,MEDIUM
EVT-00747,2026-03-07 05:36:35,10,9,48,3,kiosk,1,SNS-019,131,HIGH
EVT-00748,2026-03-10 16:25:35,9,6,86,3,tablet,1,SNS-006,443,HIGH
EVT-00749,2026-03-03 02:00:35,8,7,34,3,mobile,1,SNS-018,1036,HIGH
EVT-00750,2026-03-30 20:43:35,9,10,65,1,mobile,0,SNS-004,941,MEDIUM
EVT-00751,2026-03-31 08:36:35,10,9,22,3,tablet,1,SNS-008,839,MEDIUM
EVT-00752,2026-03-09 22:25:35,4,1,9,1,kiosk,0,SNS-004,1032,LOW
EVT-00753,2026-03-07 01:43:35,3,1,11,1,tablet,1,SNS-017,436,LOW
EVT-00754,2026-03-24 13:52:35,5,8,85,3,tablet,1,SNS-020,566,MEDIUM
EVT-00755,2026-03-29 18:29:35,2,3,15,1,kiosk,1,SNS-003,532,LOW
EVT-00756,2026-03-26 06:26:35,7,10,34,3,mobile,1,SNS-003,237,HIGH
EVT-00757,2026-03-30 07:13:35,10,6,85,3,mobile,1,SNS-004,479,HIGH
EVT-00758,2026-03-17 10:52:35,10,9,89,3,kiosk,1,SNS-010,315,HIGH
EVT-00759,2026-03-12 09:01:35,10,9,78,3,kiosk,1,SNS-005,965,HIGH
EVT-00760,2026-03-18 00:00:35,3,6,16,1,tablet,1,SNS-005,526,MEDIUM
EVT-00761,2026-03-07 04:36:35,2,3,14,1,wearable,1,SNS-001,1053,LOW
EVT-00762,2026-03-25 12:03:35,7,2,76,1,mobile,1,SNS-001,200,MEDIUM
EVT-00763,2026-03-10 12:55:35,7,8,46,1,kiosk,1,SNS-017,1176,MEDIUM
EVT-00764,2026-03-25 03:27:35,9,1,13,2,wearable,1,SNS-005,756,MEDIUM
EVT-00765,2026-03-05 22:57:35,3,4,52,3,tablet,0,SNS-011,211,MEDIUM
EVT-00766,2026-03-28 01:05:35,7,7,43,3,tablet,1,SNS-016,689,HIGH
EVT-00767,2026-03-19 14:41:35,7,1,16,1,wearable,0,SNS-013,554,MEDIUM
EVT-00768,2026-03-14 03:27:35,2,3,52,3,kiosk,0,SNS-006,625,MEDIUM
EVT-00769,2026-03-27 23:57:35,7,7,35,3,tablet,1,SNS-016,202,HIGH
EVT-00770,2026-03-24 09:25:35,7,6,30,3,wearable,1,SNS-014,485,HIGH
EVT-00771,2026-03-10 03:06:35,10,10,85,3,mobile,1,SNS-017,1052,HIGH
EVT-00772,2026-03-18 20:10:35,2,2,18,1,kiosk,1,SNS-005,393,LOW
EVT-00773,2026-03-06 14:13:35,3,9,12,2,wearable,0,SNS-007,1141,MEDIUM
EVT-00774,2026-03-17 12:30:35,10,10,46,3,tablet,1,SNS-009,264,HIGH
EVT-00775,2026-03-04 02:08:35,10,9,76,2,kiosk,0,SNS-005,831,MEDIUM
EVT-00776,2026-03-25 14:52:35,10,10,70,1,mobile,0,SNS-011,363,MEDIUM
EVT-00777,2026-03-10 12:35:35,1,3,15,1,mobile,1,SNS-009,384,LOW
EVT-00778,2026-03-23 06:57:35,1,3,10,1,tablet,1,SNS-015,899,LOW
EVT-00779,2026-03-13 20:34:35,10,8,69,3,tablet,1,SNS-007,473,HIGH
EVT-00780,2026-03-03 05:32:35,4,10,31,1,mobile,1,SNS-005,219,MEDIUM
EVT-00781,2026-03-19 02:18:35,7,9,76,3,wearable,1,SNS-005,243,HIGH
EVT-00782,2026-03-16 06:36:35,7,10,35,3,mobile,1,SNS-009,859,HIGH
EVT-00783,2026-03-27 09:36:35,10,7,56,3,tablet,1,SNS-020,804,HIGH
EVT-00784,2026-03-04 11:12:35,9,6,37,3,kiosk,1,SNS-006,549,HIGH
EVT-00785,2026-03-25 18:16:35,7,8,83,3,kiosk,1,SNS-008,420,HIGH
EVT-00786,2026-03-21 01:38:35,6,8,69,3,tablet,1,SNS-011,713,MEDIUM
EVT-00787,2026-03-24 20:33:35,8,7,55,3,kiosk,1,SNS-005,583,HIGH
EVT-00788,2026-03-21 03:31:35,2,9,45,1,wearable,1,SNS-020,930,MEDIUM
EVT-00789,2026-03-02 22:40:35,9,10,39,3,tablet,1,SNS-011,912,HIGH
EVT-00790,2026-03-05 13:15:35,8,8,60,3,tablet,1,SNS-015,742,HIGH
EVT-00791,2026-03-18 12:46:35,2,3,8,1,kiosk,1,SNS-006,879,LOW
EVT-00792,2026-03-19 23:21:35,6,8,69,3,mobile,0,SNS-011,1053,MEDIUM
EVT-00793,2026-03-23 19:52:35,8,3,37,1,tablet,1,SNS-015,1033,MEDIUM
EVT-00794,2026-03-05 18:34:35,2,5,89,2,wearable,1,SNS-019,998,MEDIUM
EVT-00795,2026-03-04 04:53:35,6,6,5,2,mobile,0,SNS-010,119,MEDIUM
EVT-00796,2026-03-13 22:43:35,8,1,15,1,kiosk,0,SNS-013,394,MEDIUM
EVT-00797,2026-03-18 13:59:35,3,9,37,3,kiosk,1,SNS-020,602,MEDIUM
EVT-00798,2026-03-03 09:12:35,8,6,44,3,wearable,1,SNS-004,1197,HIGH
EVT-00799,2026-03-29 07:10:35,1,1,8,1,kiosk,0,SNS-001,763,LOW
EVT-00800,2026-03-24 12:53:35,8,9,79,3,mobile,1,SNS-006,155,HIGH
EVT-00801,2026-03-11 18:59:35,3,1,5,1,wearable,0,SNS-009,433,LOW
EVT-00802,2026-03-02 04:58:35,8,7,40,3,mobile,1,SNS-008,792,HIGH
EVT-00803,2026-03-19 23:00:35,1,2,9,1,tablet,1,SNS-009,375,LOW
EVT-00804,2026-03-12 05:26:35,2,2,18,1,kiosk,1,SNS-014,1127,LOW
EVT-00805,2026-03-24 22:13:35,8,9,48,3,wearable,1,SNS-019,716,HIGH
EVT-00806,2026-03-20 12:56:35,10,9,76,3,mobile,1,SNS-005,579,HIGH
EVT-00807,2026-03-07 12:18:35,6,5,12,2,tablet,1,SNS-019,519,MEDIUM
EVT-00808,2026-03-12 00:56:35,5,10,83,1,mobile,1,SNS-011,506,MEDIUM
EVT-00809,2026-03-07 18:45:35,7,6,87,3,mobile,1,SNS-015,841,HIGH
EVT-00810,2026-03-21 01:32:35,9,8,77,3,kiosk,1,SNS-013,236,HIGH
EVT-00811,2026-03-20 07:18:35,10,8,86,2,kiosk,1,SNS-017,548,MEDIUM
EVT-00812,2026-03-09 17:42:35,9,10,83,3,kiosk,1,SNS-002,170,HIGH
EVT-00813,2026-03-21 05:48:35,7,3,57,3,wearable,0,SNS-001,519,MEDIUM
EVT-00814,2026-03-03 14:31:35,4,7,10,3,mobile,0,SNS-002,320,MEDIUM
EVT-00815,2026-03-09 13:36:35,8,9,90,1,mobile,0,SNS-010,1091,MEDIUM
EVT-00816,2026-03-25 11:37:35,7,8,15,1,kiosk,1,SNS-014,721,MEDIUM
EVT-00817,2026-03-18 11:25:35,8,7,75,3,tablet,1,SNS-020,259,HIGH
EVT-00818,2026-03-14 04:15:35,3,8,18,2,mobile,0,SNS-012,880,MEDIUM
EVT-00819,2026-03-28 09:23:35,3,5,11,2,kiosk,1,SNS-006,900,MEDIUM
EVT-00820,2026-03-21 13:08:35,1,3,20,3,wearable,1,SNS-014,124,MEDIUM
EVT-00821,2026-03-15 14:49:35,1,5,5,1,mobile,1,SNS-018,799,MEDIUM
EVT-00822,2026-03-12 10:00:35,9,7,73,3,kiosk,1,SNS-005,896,HIGH
EVT-00823,2026-03-17 12:57:35,9,9,85,3,tablet,1,SNS-002,579,HIGH
EVT-00824,2026-03-03 21:47:35,7,10,45,3,kiosk,0,SNS-001,842,MEDIUM
EVT-00825,2026-03-13 12:02:35,9,8,54,3,mobile,1,SNS-014,500,HIGH
EVT-00826,2026-03-06 05:50:35,9,10,30,3,kiosk,1,SNS-007,1181,HIGH
EVT-00827,2026-03-22 10:41:35,1,3,8,1,tablet,0,SNS-012,298,LOW
EVT-00828,2026-03-27 09:28:35,3,3,15,1,wearable,1,SNS-007,782,LOW
EVT-00829,2026-03-09 06:03:35,2,3,14,1,wearable,0,SNS-007,969,LOW
EVT-00830,2026-03-18 08:09:35,4,1,15,1,kiosk,0,SNS-006,621,LOW
EVT-00831,2026-03-20 06:12:35,2,1,46,2,mobile,0,SNS-001,1187,MEDIUM
EVT-00832,2026-03-13 02:28:35,9,9,69,3,tablet,1,SNS-018,525,HIGH
EVT-00833,2026-03-15 16:41:35,2,2,13,1,tablet,0,SNS-002,913,LOW
EVT-00834,2026-03-23 16:43:35,10,9,64,3,wearable,1,SNS-018,183,HIGH
EVT-00835,2026-03-22 14:45:35,7,2,28,1,kiosk,0,SNS-006,246,MEDIUM
EVT-00836,2026-03-29 16:05:35,2,1,16,1,mobile,0,SNS-012,1099,LOW
EVT-00837,2026-03-28 22:06:35,10,10,51,3,wearable,1,SNS-014,649,HIGH
EVT-00838,2026-03-30 15:55:35,2,1,20,1,wearable,1,SNS-016,220,LOW
EVT-00839,2026-03-21 15:29:35,6,9,21,1,mobile,1,SNS-011,685,MEDIUM
EVT-00840,2026-03-12 16:54:35,7,7,83,3,kiosk,0,SNS-008,694,MEDIUM
EVT-00841,2026-03-04 14:09:35,3,1,16,1,mobile,0,SNS-003,638,LOW
EVT-00842,2026-03-26 00:40:35,3,2,19,1,kiosk,0,SNS-019,332,LOW
EVT-00843,2026-03-16 14:49:35,7,5,50,3,tablet,1,SNS-003,1196,MEDIUM
EVT-00844,2026-03-04 13:30:35,4,1,14,1,tablet,1,SNS-012,324,LOW
EVT-00845,2026-03-07 04:21:35,10,8,44,3,kiosk,1,SNS-009,177,HIGH
EVT-00846,2026-03-19 15:01:35,3,10,85,2,mobile,0,SNS-004,810,MEDIUM
EVT-00847,2026-03-04 06:55:35,2,4,36,2,kiosk,0,SNS-008,651,MEDIUM
EVT-00848,2026-03-24 04:11:35,7,2,5,1,kiosk,1,SNS-003,272,MEDIUM
EVT-00849,2026-03-14 21:45:35,7,4,15,2,tablet,1,SNS-013,107,MEDIUM
EVT-00850,2026-03-31 10:37:35,7,3,20,3,kiosk,0,SNS-007,659,MEDIUM
EVT-00851,2026-03-28 22:08:35,6,4,25,2,mobile,1,SNS-017,105,MEDIUM
EVT-00852,2026-03-03 10:20:35,2,10,86,2,mobile,1,SNS-002,177,MEDIUM
EVT-00853,2026-03-10 04:15:35,5,10,86,1,mobile,0,SNS-014,599,MEDIUM
EVT-00854,2026-03-30 00:37:35,4,4,49,3,tablet,0,SNS-020,994,MEDIUM
EVT-00855,2026-03-24 13:48:35,1,2,19,1,wearable,0,SNS-018,248,LOW
EVT-00856,2026-03-12 15:31:35,6,1,9,1,tablet,1,SNS-004,492,MEDIUM
EVT-00857,2026-03-26 02:42:35,2,2,21,2,kiosk,1,SNS-014,682,MEDIUM
EVT-00858,2026-03-29 15:29:35,1,1,18,1,kiosk,1,SNS-006,930,LOW
EVT-00859,2026-03-27 11:48:35,8,5,77,3,tablet,0,SNS-008,553,MEDIUM
EVT-00860,2026-03-21 14:09:35,9,9,44,3,tablet,1,SNS-011,1145,HIGH
EVT-00861,2026-03-28 11:28:35,7,10,52,3,tablet,1,SNS-002,1094,HIGH
EVT-00862,2026-03-21 15:52:35,2,9,33,2,wearable,0,SNS-018,526,MEDIUM
EVT-00863,2026-03-25 06:05:35,1,3,11,1,kiosk,1,SNS-011,740,LOW
EVT-00864,2026-03-28 20:19:35,7,7,50,3,kiosk,1,SNS-006,932,HIGH
EVT-00865,2026-03-09 08:12:35,1,6,75,3,wearable,1,SNS-008,332,MEDIUM
EVT-00866,2026-03-06 09:42:35,1,3,13,1,tablet,0,SNS-013,409,LOW
EVT-00867,2026-03-29 08:16:35,5,1,41,1,kiosk,0,SNS-003,184,MEDIUM
EVT-00868,2026-03-19 09:30:35,7,5,28,1,mobile,1,SNS-007,1165,MEDIUM
EVT-00869,2026-03-14 00:31:35,8,8,69,2,kiosk,1,SNS-001,733,MEDIUM
EVT-00870,2026-03-02 17:16:35,7,8,50,3,wearable,1,SNS-003,291,HIGH
EVT-00871,2026-03-16 00:31:35,9,7,80,3,tablet,1,SNS-007,394,HIGH
EVT-00872,2026-03-07 02:52:35,3,1,11,1,tablet,0,SNS-007,108,LOW
EVT-00873,2026-03-21 10:24:35,1,5,47,3,wearable,0,SNS-009,148,MEDIUM
EVT-00874,2026-03-11 06:53:35,8,4,39,2,tablet,0,SNS-003,1038,MEDIUM
EVT-00875,2026-03-13 12:36:35,1,3,20,1,tablet,0,SNS-009,990,LOW
EVT-00876,2026-03-06 05:28:35,6,10,24,2,mobile,0,SNS-012,1101,MEDIUM
EVT-00877,2026-03-21 08:23:35,8,7,73,3,kiosk,1,SNS-003,207,HIGH
EVT-00878,2026-03-22 08:22:35,8,5,69,3,mobile,1,SNS-015,230,MEDIUM
EVT-00879,2026-03-06 08:19:35,2,6,12,3,mobile,0,SNS-005,854,MEDIUM
EVT-00880,2026-03-25 13:55:35,1,1,8,1,tablet,0,SNS-020,218,LOW
EVT-00881,2026-03-17 10:07:35,1,2,12,1,mobile,1,SNS-018,1027,LOW
EVT-00882,2026-03-19 02:39:35,8,10,47,3,mobile,1,SNS-016,814,HIGH
EVT-00883,2026-03-24 17:46:35,5,4,69,1,wearable,0,SNS-002,765,MEDIUM
EVT-00884,2026-03-13 09:51:35,8,10,16,3,mobile,1,SNS-007,1094,MEDIUM
EVT-00885,2026-03-24 16:48:35,3,3,16,1,tablet,1,SNS-010,480,LOW
EVT-00886,2026-03-17 00:45:35,7,8,77,3,wearable,1,SNS-005,600,HIGH
EVT-00887,2026-03-17 20:30:35,9,7,69,3,tablet,1,SNS-004,276,HIGH
EVT-00888,2026-03-19 16:06:35,8,5,22,2,tablet,1,SNS-005,634,MEDIUM
EVT-00889,2026-03-26 17:44:35,4,7,42,2,wearable,0,SNS-013,1099,MEDIUM
EVT-00890,2026-03-23 10:12:35,8,6,86,3,tablet,1,SNS-019,778,HIGH
EVT-00891,2026-03-05 14:47:35,4,2,9,1,mobile,0,SNS-002,1078,LOW
EVT-00892,2026-03-05 23:46:35,1,2,11,1,kiosk,1,SNS-014,865,LOW
EVT-00893,2026-03-18 21:15:35,8,10,35,3,kiosk,1,SNS-020,746,HIGH
EVT-00894,2026-03-27 01:08:35,9,7,90,3,tablet,1,SNS-018,800,HIGH
EVT-00895,2026-03-12 05:10:35,3,1,5,1,tablet,0,SNS-004,626,LOW
EVT-00896,2026-03-20 15:35:35,1,1,12,1,tablet,1,SNS-020,658,LOW
EVT-00897,2026-03-24 19:08:35,3,2,13,1,kiosk,1,SNS-017,602,LOW
EVT-00898,2026-03-27 09:01:35,1,2,12,1,mobile,0,SNS-015,929,LOW
EVT-00899,2026-03-13 15:31:35,10,7,43,3,mobile,1,SNS-002,268,HIGH
EVT-00900,2026-03-04 19:57:35,3,7,17,2,mobile,0,SNS-001,720,MEDIUM
EVT-00901,2026-03-16 21:53:35,5,8,34,3,wearable,1,SNS-007,301,MEDIUM
EVT-00902,2026-03-10 20:09:35,4,3,76,2,kiosk,1,SNS-002,245,MEDIUM
EVT-00903,2026-03-27 03:35:35,9,7,85,3,kiosk,1,SNS-013,143,HIGH
EVT-00904,2026-03-06 06:41:35,7,1,36,1,kiosk,0,SNS-017,1010,MEDIUM
EVT-00905,2026-03-26 23:09:35,10,10,27,1,tablet,1,SNS-006,1128,MEDIUM
EVT-00906,2026-03-27 00:42:35,9,9,61,3,wearable,1,SNS-005,1102,HIGH
EVT-00907,2026-03-08 04:37:35,2,3,15,1,mobile,0,SNS-002,647,LOW
EVT-00908,2026-03-03 15:42:35,4,2,12,1,mobile,0,SNS-010,329,LOW
EVT-00909,2026-03-10 11:19:35,3,1,6,1,mobile,0,SNS-007,1046,LOW
EVT-00910,2026-03-21 14:05:35,3,3,9,1,wearable,0,SNS-010,856,LOW
EVT-00911,2026-03-30 18:07:35,10,7,86,3,kiosk,1,SNS-020,474,HIGH
EVT-00912,2026-03-20 03:25:35,7,9,72,3,kiosk,1,SNS-001,487,HIGH
EVT-00913,2026-03-10 08:05:35,4,7,64,2,wearable,0,SNS-013,868,MEDIUM
EVT-00914,2026-03-24 19:51:35,6,2,44,1,mobile,0,SNS-004,454,MEDIUM
EVT-00915,2026-03-08 03:20:35,4,2,18,1,tablet,0,SNS-005,731,LOW
EVT-00916,2026-03-18 23:48:35,5,9,49,3,wearable,1,SNS-008,1056,MEDIUM
EVT-00917,2026-03-31 15:57:35,6,1,82,3,kiosk,0,SNS-005,796,MEDIUM
EVT-00918,2026-03-25 16:01:35,6,5,37,1,tablet,1,SNS-015,465,MEDIUM
EVT-00919,2026-03-30 22:50:35,10,7,89,1,kiosk,1,SNS-019,575,MEDIUM
EVT-00920,2026-03-30 21:10:35,10,5,83,2,wearable,0,SNS-003,469,MEDIUM
EVT-00921,2026-03-22 07:16:35,6,6,69,1,kiosk,0,SNS-013,206,MEDIUM
EVT-00922,2026-03-04 16:38:35,9,3,16,3,wearable,1,SNS-001,686,MEDIUM
EVT-00923,2026-03-08 01:52:35,2,10,5,2,wearable,1,SNS-015,1157,MEDIUM
EVT-00924,2026-03-16 03:29:35,6,7,65,1,tablet,0,SNS-011,533,MEDIUM
EVT-00925,2026-03-31 05:27:35,2,10,73,3,wearable,1,SNS-020,1063,MEDIUM
EVT-00926,2026-03-17 15:16:35,10,9,29,2,mobile,0,SNS-020,362,MEDIUM
EVT-00927,2026-03-19 06:30:35,1,3,5,1,wearable,1,SNS-013,886,LOW
EVT-00928,2026-03-15 17:25:35,4,3,31,3,kiosk,0,SNS-019,622,MEDIUM
EVT-00929,2026-03-05 09:47:35,10,10,59,2,tablet,0,SNS-012,896,MEDIUM
EVT-00930,2026-03-14 06:05:35,9,10,70,3,wearable,1,SNS-006,856,HIGH
EVT-00931,2026-03-12 20:14:35,8,8,42,3,tablet,1,SNS-003,1058,HIGH
EVT-00932,2026-03-23 06:04:35,3,2,19,1,wearable,1,SNS-005,1140,LOW
EVT-00933,2026-03-06 07:50:35,1,3,15,3,mobile,1,SNS-015,1120,MEDIUM
EVT-00934,2026-03-12 16:29:35,6,2,69,3,kiosk,1,SNS-014,935,MEDIUM
EVT-00935,2026-03-23 14:04:35,3,3,11,1,wearable,1,SNS-004,1172,LOW
EVT-00936,2026-03-04 16:20:35,7,9,90,3,mobile,1,SNS-017,965,HIGH
EVT-00937,2026-03-18 02:02:35,2,3,8,1,mobile,1,SNS-004,652,LOW
EVT-00938,2026-03-14 07:04:35,9,3,88,1,wearable,1,SNS-016,261,MEDIUM
EVT-00939,2026-03-01 20:38:35,4,3,11,1,tablet,0,SNS-010,835,LOW
EVT-00940,2026-03-09 04:35:35,10,7,74,3,mobile,1,SNS-007,571,HIGH
EVT-00941,2026-03-30 23:45:35,1,9,46,2,mobile,0,SNS-013,304,MEDIUM
EVT-00942,2026-03-07 04:32:35,9,5,60,1,wearable,1,SNS-012,872,MEDIUM
EVT-00943,2026-03-22 00:19:35,5,7,33,3,tablet,1,SNS-013,936,MEDIUM
EVT-00944,2026-03-27 20:42:35,1,6,23,1,mobile,1,SNS-015,655,MEDIUM
EVT-00945,2026-03-30 19:53:35,6,6,65,3,mobile,0,SNS-001,1081,MEDIUM
EVT-00946,2026-03-16 14:36:35,2,8,65,2,wearable,0,SNS-017,680,MEDIUM
EVT-00947,2026-03-26 21:10:35,6,1,50,3,kiosk,0,SNS-011,296,MEDIUM
EVT-00948,2026-03-26 11:38:35,10,6,36,3,mobile,1,SNS-016,1002,HIGH
EVT-00949,2026-03-28 22:18:35,8,8,34,2,wearable,0,SNS-007,589,MEDIUM
EVT-00950,2026-03-15 18:46:35,1,2,13,1,tablet,0,SNS-018,885,LOW
EVT-00951,2026-03-22 15:10:35,10,10,50,3,wearable,1,SNS-003,798,HIGH
EVT-00952,2026-03-22 00:20:35,8,5,42,2,tablet,1,SNS-007,858,MEDIUM
EVT-00953,2026-03-15 11:09:35,10,9,90,3,wearable,1,SNS-003,498,HIGH
EVT-00954,2026-03-09 09:09:35,3,7,72,1,wearable,0,SNS-003,375,MEDIUM
EVT-00955,2026-03-24 19:48:35,4,2,14,1,mobile,1,SNS-013,123,LOW
EVT-00956,2026-03-10 19:50:35,8,10,79,3,mobile,1,SNS-015,120,HIGH
EVT-00957,2026-03-12 10:55:35,6,4,60,1,tablet,1,SNS-014,964,MEDIUM
EVT-00958,2026-03-23 10:42:35,10,8,9,3,wearable,0,SNS-019,808,MEDIUM
EVT-00959,2026-03-21 17:28:35,8,9,48,3,mobile,1,SNS-011,1090,HIGH
EVT-00960,2026-03-21 14:41:35,1,1,5,1,kiosk,0,SNS-012,794,LOW
EVT-00961,2026-03-19 00:09:35,7,9,59,3,kiosk,1,SNS-002,315,HIGH
EVT-00962,2026-03-18 11:02:35,2,3,17,1,kiosk,1,SNS-011,1173,LOW
EVT-00963,2026-03-13 00:39:35,4,2,7,1,tablet,0,SNS-005,1187,LOW
EVT-00964,2026-03-30 14:14:35,7,9,76,1,tablet,0,SNS-013,398,MEDIUM
EVT-00965,2026-03-28 00:09:35,7,9,47,3,mobile,1,SNS-013,191,HIGH
EVT-00966,2026-03-04 17:29:35,10,4,6,2,kiosk,1,SNS-019,1119,MEDIUM
EVT-00967,2026-03-23 06:49:35,1,7,44,2,kiosk,1,SNS-004,488,MEDIUM
EVT-00968,2026-03-31 05:56:35,7,6,34,3,wearable,1,SNS-001,212,HIGH
EVT-00969,2026-03-02 01:14:35,9,6,68,3,kiosk,1,SNS-008,759,HIGH
EVT-00970,2026-03-17 09:17:35,6,4,60,2,tablet,0,SNS-006,273,MEDIUM
EVT-00971,2026-03-05 12:11:35,9,6,71,3,wearable,1,SNS-007,957,HIGH
EVT-00972,2026-03-14 00:01:35,7,9,81,3,wearable,1,SNS-019,567,HIGH
EVT-00973,2026-03-01 22:49:35,4,2,8,1,mobile,0,SNS-016,281,LOW
EVT-00974,2026-03-10 21:55:35,1,6,58,1,mobile,0,SNS-001,934,MEDIUM
EVT-00975,2026-03-18 21:21:35,8,7,86,3,wearable,1,SNS-007,317,HIGH
EVT-00976,2026-03-18 09:40:35,2,3,15,1,tablet,0,SNS-005,750,LOW
EVT-00977,2026-03-27 14:54:35,8,10,59,3,wearable,1,SNS-011,643,HIGH
EVT-00978,2026-03-10 08:01:35,4,10,67,1,kiosk,1,SNS-005,183,MEDIUM
EVT-00979,2026-03-17 21:16:35,10,7,76,3,wearable,1,SNS-016,1176,HIGH
EVT-00980,2026-03-21 01:01:35,10,9,90,3,tablet,1,SNS-019,791,HIGH
EVT-00981,2026-03-05 10:10:35,4,3,79,2,kiosk,0,SNS-002,581,MEDIUM
EVT-00982,2026-03-08 04:39:35,8,8,85,3,tablet,1,SNS-011,877,HIGH
EVT-00983,2026-03-07 14:38:35,3,3,17,1,mobile,1,SNS-008,379,LOW
EVT-00984,2026-03-04 03:13:35,3,4,37,2,mobile,1,SNS-014,436,MEDIUM
EVT-00985,2026-03-30 10:17:35,5,8,66,2,wearable,1,SNS-009,257,MEDIUM
EVT-00986,2026-03-31 15:41:35,9,8,82,3,wearable,1,SNS-016,194,HIGH
EVT-00987,2026-03-26 12:13:35,7,9,82,3,tablet,1,SNS-001,1006,HIGH
EVT-00988,2026-03-28 18:58:35,9,9,68,3,kiosk,1,SNS-002,928,HIGH
EVT-00989,2026-03-07 08:57:35,3,1,14,1,tablet,1,SNS-004,773,LOW
EVT-00990,2026-03-30 19:11:35,1,4,11,3,kiosk,1,SNS-016,863,MEDIUM
EVT-00991,2026-03-09 04:55:35,3,1,7,1,wearable,1,SNS-006,518,LOW
EVT-00992,2026-03-17 10:58:35,7,10,78,3,mobile,1,SNS-019,172,HIGH
EVT-00993,2026-03-27 20:51:35,4,1,14,1,kiosk,0,SNS-014,416,LOW
EVT-00994,2026-03-05 12:42:35,7,2,12,2,kiosk,0,SNS-015,450,MEDIUM
EVT-00995,2026-03-31 04:32:35,2,3,16,1,mobile,1,SNS-002,793,LOW
EVT-00996,2026-03-17 02:43:35,7,9,42,3,mobile,1,SNS-005,105,HIGH
EVT-00997,2026-03-25 06:15:35,9,4,33,3,kiosk,1,SNS-008,892,MEDIUM
EVT-00998,2026-03-19 02:33:35,10,7,61,3,kiosk,1,SNS-005,142,HIGH
EVT-00999,2026-03-03 00:58:35,2,8,85,3,mobile,0,SNS-006,864,MEDIUM
EVT-01000,2026-03-17 10:23:35,9,8,70,3,mobile,1,SNS-013,442,HIGH
EVT-01001,2026-03-18 06:24:35,9,10,8,1,tablet,0,SNS-011,293,MEDIUM
EVT-01002,2026-03-24 08:50:35,7,10,76,3,wearable,1,SNS-007,693,HIGH
EVT-01003,2026-03-13 00:30:35,2,7,41,2,tablet,1,SNS-014,360,MEDIUM
EVT-01004,2026-03-30 10:19:35,2,2,20,1,mobile,1,SNS-013,767,LOW
EVT-01005,2026-03-09 00:38:35,10,10,55,1,tablet,0,SNS-001,232,MEDIUM
EVT-01006,2026-03-17 01:13:35,8,7,44,3,tablet,1,SNS-011,259,HIGH
EVT-01007,2026-03-18 03:35:35,9,6,58,2,tablet,0,SNS-005,138,MEDIUM
EVT-01008,2026-03-22 00:20:35,6,2,27,2,wearable,0,SNS-012,858,MEDIUM
EVT-01009,2026-03-27 01:52:35,1,7,89,3,kiosk,0,SNS-001,149,MEDIUM
EVT-01010,2026-03-31 09:26:35,7,9,86,3,mobile,1,SNS-002,982,HIGH
EVT-01011,2026-03-30 09:41:35,7,9,79,3,tablet,1,SNS-019,903,HIGH
EVT-01012,2026-03-06 04:45:35,4,2,19,1,wearable,1,SNS-002,426,LOW
EVT-01013,2026-03-24 09:46:35,7,8,49,3,tablet,0,SNS-003,819,MEDIUM
EVT-01014,2026-03-13 00:37:35,4,3,5,1,kiosk,0,SNS-015,209,LOW
EVT-01015,2026-03-04 05:56:35,8,9,63,3,kiosk,1,SNS-004,1162,HIGH
EVT-01016,2026-03-31 10:45:35,3,3,48,3,tablet,0,SNS-011,642,MEDIUM
EVT-01017,2026-03-08 11:11:35,9,3,30,2,tablet,0,SNS-019,328,MEDIUM
EVT-01018,2026-03-18 14:16:35,8,7,83,3,wearable,1,SNS-018,899,HIGH
EVT-01019,2026-03-04 07:44:35,7,8,41,3,wearable,1,SNS-019,1069,HIGH
EVT-01020,2026-03-02 02:56:35,1,2,6,1,mobile,0,SNS-018,1045,LOW
EVT-01021,2026-03-17 05:44:35,7,6,47,3,wearable,1,SNS-003,708,HIGH
EVT-01022,2026-03-11 04:52:35,6,2,25,1,wearable,0,SNS-012,660,MEDIUM
EVT-01023,2026-03-01 21:24:35,1,3,73,2,tablet,1,SNS-019,478,MEDIUM
EVT-01024,2026-03-22 03:15:35,7,8,56,3,mobile,0,SNS-020,1169,MEDIUM
EVT-01025,2026-03-15 15:03:35,1,2,14,1,mobile,1,SNS-005,505,LOW
EVT-01026,2026-03-24 08:31:35,2,1,12,1,kiosk,1,SNS-002,719,LOW
EVT-01027,2026-03-11 10:48:35,3,1,11,1,wearable,0,SNS-013,824,LOW
EVT-01028,2026-03-08 01:03:35,3,3,19,1,kiosk,1,SNS-005,850,LOW
EVT-01029,2026-03-02 18:15:35,2,1,18,1,tablet,0,SNS-002,349,LOW
EVT-01030,2026-03-04 03:33:35,2,1,9,1,kiosk,1,SNS-001,445,LOW
EVT-01031,2026-03-17 20:54:35,8,9,14,2,wearable,1,SNS-019,332,MEDIUM
EVT-01032,2026-03-05 05:31:35,4,1,7,1,mobile,1,SNS-018,225,LOW
EVT-01033,2026-03-21 16:04:35,8,7,58,3,wearable,1,SNS-009,870,HIGH
EVT-01034,2026-03-11 07:51:35,8,9,29,3,kiosk,1,SNS-019,958,MEDIUM
EVT-01035,2026-03-16 03:00:35,9,3,55,2,mobile,1,SNS-019,423,MEDIUM
EVT-01036,2026-03-30 13:06:35,10,6,87,3,mobile,1,SNS-005,1182,HIGH
EVT-01037,2026-03-28 15:08:35,7,8,69,3,mobile,1,SNS-008,186,HIGH
EVT-01038,2026-03-11 14:50:35,4,1,18,1,wearable,1,SNS-007,111,LOW
EVT-01039,2026-03-11 06:43:35,4,1,15,1,mobile,1,SNS-005,988,LOW
EVT-01040,2026-03-21 07:05:35,8,9,67,3,tablet,1,SNS-001,549,HIGH
EVT-01041,2026-03-02 08:02:35,4,2,19,1,kiosk,0,SNS-020,1048,LOW
EVT-01042,2026-03-29 11:09:35,4,9,39,1,kiosk,0,SNS-013,880,MEDIUM
EVT-01043,2026-03-10 08:03:35,7,9,58,3,mobile,1,SNS-014,238,HIGH
EVT-01044,2026-03-06 18:47:35,9,6,44,3,wearable,1,SNS-006,1097,HIGH
EVT-01045,2026-03-11 09:24:35,2,1,8,1,mobile,1,SNS-004,344,LOW
EVT-01046,2026-03-15 21:42:35,1,2,20,1,wearable,1,SNS-020,262,LOW
EVT-01047,2026-03-26 07:39:35,7,8,69,3,wearable,1,SNS-009,486,HIGH
EVT-01048,2026-03-18 08:20:35,4,3,19,1,wearable,1,SNS-014,241,LOW
EVT-01049,2026-03-23 17:14:35,10,4,82,2,kiosk,0,SNS-006,839,MEDIUM
EVT-01050,2026-03-25 07:10:35,4,3,18,2,mobile,0,SNS-014,767,MEDIUM
EVT-01051,2026-03-05 09:12:35,10,6,68,3,kiosk,1,SNS-010,543,HIGH
EVT-01052,2026-03-28 05:47:35,1,1,6,1,tablet,1,SNS-001,325,LOW
EVT-01053,2026-03-24 14:00:35,6,6,74,3,mobile,0,SNS-011,133,MEDIUM
EVT-01054,2026-03-07 06:18:35,9,6,88,3,wearable,1,SNS-009,961,HIGH
EVT-01055,2026-03-09 07:20:35,9,6,60,3,kiosk,1,SNS-020,1105,HIGH
EVT-01056,2026-03-20 00:11:35,3,2,6,1,wearable,1,SNS-003,1016,LOW
EVT-01057,2026-03-09 07:24:35,10,8,50,3,tablet,1,SNS-020,994,HIGH
EVT-01058,2026-03-02 18:21:35,3,3,5,1,tablet,1,SNS-003,1026,LOW
EVT-01059,2026-03-08 13:30:35,8,7,77,1,mobile,1,SNS-008,586,MEDIUM
EVT-01060,2026-03-21 06:21:35,4,3,90,3,kiosk,1,SNS-005,334,MEDIUM
EVT-01061,2026-03-08 12:33:35,10,7,58,2,mobile,1,SNS-004,863,MEDIUM
EVT-01062,2026-03-31 03:52:35,4,1,20,1,tablet,1,SNS-007,456,LOW
EVT-01063,2026-03-31 17:38:35,3,10,41,3,mobile,0,SNS-018,783,MEDIUM
EVT-01064,2026-03-03 01:34:35,7,9,32,3,tablet,1,SNS-019,912,HIGH
EVT-01065,2026-03-06 15:55:35,8,6,85,3,tablet,1,SNS-014,1126,HIGH
EVT-01066,2026-03-12 15:38:35,1,8,41,1,wearable,1,SNS-012,455,MEDIUM
EVT-01067,2026-03-04 22:27:35,7,7,47,3,tablet,1,SNS-010,517,HIGH
EVT-01068,2026-03-04 09:01:35,8,7,30,3,tablet,1,SNS-004,888,HIGH
EVT-01069,2026-03-19 22:03:35,8,10,62,3,kiosk,1,SNS-018,557,HIGH
EVT-01070,2026-03-09 18:23:35,2,4,63,1,tablet,0,SNS-016,1013,MEDIUM
EVT-01071,2026-03-05 03:31:35,8,10,78,3,mobile,1,SNS-007,322,HIGH
EVT-01072,2026-03-28 03:28:35,2,2,12,1,kiosk,1,SNS-004,602,LOW
EVT-01073,2026-03-15 07:04:35,1,2,13,1,kiosk,1,SNS-002,970,LOW
EVT-01074,2026-03-05 11:31:35,3,3,74,1,wearable,0,SNS-020,488,MEDIUM
EVT-01075,2026-03-02 17:26:35,8,9,84,3,wearable,1,SNS-015,1114,HIGH
EVT-01076,2026-03-02 09:12:35,10,9,43,2,mobile,0,SNS-010,674,MEDIUM
EVT-01077,2026-03-30 20:23:35,8,8,64,3,kiosk,1,SNS-020,1148,HIGH
EVT-01078,2026-03-18 23:59:35,10,6,85,3,tablet,1,SNS-001,898,HIGH
EVT-01079,2026-03-23 15:38:35,8,8,49,3,kiosk,1,SNS-012,591,HIGH
EVT-01080,2026-03-02 00:33:35,6,6,74,3,mobile,0,SNS-011,722,MEDIUM
EVT-01081,2026-03-29 10:45:35,10,5,9,3,mobile,1,SNS-010,703,MEDIUM
EVT-01082,2026-03-18 19:50:35,3,2,6,1,tablet,0,SNS-001,582,LOW
EVT-01083,2026-03-27 18:07:35,8,6,37,3,kiosk,1,SNS-006,132,HIGH
EVT-01084,2026-03-07 06:00:35,9,7,55,3,mobile,1,SNS-017,386,HIGH
EVT-01085,2026-03-23 01:29:35,4,2,13,1,tablet,0,SNS-019,1155,LOW
EVT-01086,2026-03-18 05:35:35,1,5,59,1,mobile,0,SNS-006,916,MEDIUM
EVT-01087,2026-03-09 02:58:35,2,2,10,1,tablet,1,SNS-018,761,LOW
EVT-01088,2026-03-21 16:47:35,2,1,12,1,tablet,0,SNS-010,243,LOW
EVT-01089,2026-03-26 14:32:35,1,3,81,2,kiosk,0,SNS-016,740,MEDIUM
EVT-01090,2026-03-15 10:07:35,1,2,11,1,wearable,0,SNS-016,944,LOW
EVT-01091,2026-03-28 21:14:35,9,2,11,2,wearable,0,SNS-016,771,MEDIUM
EVT-01092,2026-03-21 19:32:35,7,9,24,1,wearable,1,SNS-006,696,MEDIUM
EVT-01093,2026-03-08 23:54:35,7,9,45,3,tablet,1,SNS-005,711,HIGH
EVT-01094,2026-03-04 14:10:35,6,4,90,3,kiosk,1,SNS-001,1109,MEDIUM
EVT-01095,2026-03-28 12:43:35,3,2,5,1,tablet,1,SNS-016,1128,LOW
EVT-01096,2026-03-28 01:30:35,7,4,14,1,kiosk,1,SNS-015,1103,MEDIUM
EVT-01097,2026-03-06 21:54:35,3,1,10,1,wearable,1,SNS-010,1101,LOW
EVT-01098,2026-03-15 16:36:35,9,7,90,3,tablet,1,SNS-007,1143,HIGH
EVT-01099,2026-03-26 07:57:35,9,8,79,3,kiosk,1,SNS-014,995,HIGH
EVT-01100,2026-03-27 13:18:35,5,8,74,2,wearable,1,SNS-015,622,MEDIUM
EVT-01101,2026-03-27 00:13:35,4,6,58,2,kiosk,1,SNS-002,263,MEDIUM
EVT-01102,2026-03-15 03:28:35,10,10,74,3,kiosk,1,SNS-003,791,HIGH
EVT-01103,2026-03-14 20:51:35,7,2,47,1,kiosk,0,SNS-008,233,MEDIUM
EVT-01104,2026-03-08 02:20:35,6,2,46,2,kiosk,1,SNS-018,302,MEDIUM
EVT-01105,2026-03-09 11:08:35,10,7,6,3,mobile,0,SNS-002,370,MEDIUM
EVT-01106,2026-03-28 01:01:35,1,1,17,1,mobile,1,SNS-008,643,LOW
EVT-01107,2026-03-21 11:49:35,7,5,15,3,kiosk,0,SNS-016,1114,MEDIUM
EVT-01108,2026-03-11 06:25:35,10,2,47,1,wearable,1,SNS-008,663,MEDIUM
EVT-01109,2026-03-07 01:04:35,8,6,45,3,mobile,1,SNS-008,706,HIGH
EVT-01110,2026-03-20 16:34:35,3,8,71,3,kiosk,0,SNS-016,1041,MEDIUM
EVT-01111,2026-03-04 02:58:35,7,6,44,3,wearable,1,SNS-008,634,HIGH
EVT-01112,2026-03-22 23:46:35,9,6,49,3,tablet,1,SNS-002,841,HIGH
EVT-01113,2026-03-08 22:05:35,6,5,67,2,kiosk,0,SNS-013,547,MEDIUM
EVT-01114,2026-03-26 06:56:35,9,2,64,1,mobile,0,SNS-012,730,MEDIUM
EVT-01115,2026-03-24 18:59:35,7,7,72,2,tablet,1,SNS-011,234,MEDIUM
EVT-01116,2026-03-04 07:33:35,8,8,60,3,wearable,1,SNS-004,118,HIGH
EVT-01117,2026-03-08 02:57:35,4,2,6,1,tablet,1,SNS-009,761,LOW
EVT-01118,2026-03-12 08:29:35,3,4,39,3,mobile,1,SNS-012,1075,MEDIUM
EVT-01119,2026-03-18 06:52:35,2,1,17,1,tablet,1,SNS-014,347,LOW
EVT-01120,2026-03-20 10:08:35,1,2,19,1,wearable,0,SNS-014,736,LOW
EVT-01121,2026-03-08 23:28:35,3,3,43,1,kiosk,0,SNS-003,754,MEDIUM
EVT-01122,2026-03-15 00:49:35,6,10,85,3,mobile,1,SNS-008,408,MEDIUM
EVT-01123,2026-03-21 16:57:35,7,8,36,3,wearable,1,SNS-008,278,HIGH
EVT-01124,2026-03-12 04:00:35,3,9,83,1,tablet,1,SNS-018,1092,MEDIUM
EVT-01125,2026-03-03 15:03:35,6,6,56,3,wearable,0,SNS-020,1136,MEDIUM
EVT-01126,2026-03-19 01:12:35,4,2,8,1,wearable,1,SNS-020,317,LOW
EVT-01127,2026-03-10 08:50:35,9,9,47,3,tablet,1,SNS-002,1121,HIGH
EVT-01128,2026-03-06 15:55:35,8,3,73,3,tablet,1,SNS-017,1091,MEDIUM
EVT-01129,2026-03-21 01:27:35,10,9,67,3,tablet,0,SNS-017,484,MEDIUM
EVT-01130,2026-03-05 05:36:35,10,8,65,3,wearable,1,SNS-006,442,HIGH
EVT-01131,2026-03-17 14:50:35,8,4,66,1,mobile,1,SNS-015,288,MEDIUM
EVT-01132,2026-03-20 07:33:35,10,8,81,3,wearable,1,SNS-002,828,HIGH
EVT-01133,2026-03-22 02:57:35,10,3,15,1,mobile,1,SNS-006,984,MEDIUM
EVT-01134,2026-03-22 17:45:35,5,8,15,3,kiosk,0,SNS-012,193,MEDIUM
EVT-01135,2026-03-10 11:34:35,10,8,66,3,kiosk,1,SNS-013,519,HIGH
EVT-01136,2026-03-14 08:50:35,9,8,56,3,kiosk,1,SNS-003,618,HIGH
EVT-01137,2026-03-17 11:04:35,8,10,34,3,kiosk,1,SNS-014,270,HIGH
EVT-01138,2026-03-27 15:52:35,3,7,57,3,mobile,0,SNS-003,381,MEDIUM
EVT-01139,2026-03-26 09:38:35,1,6,71,3,tablet,0,SNS-013,1140,MEDIUM
EVT-01140,2026-03-19 19:42:35,7,9,73,3,tablet,1,SNS-018,578,HIGH
EVT-01141,2026-03-21 15:13:35,2,1,12,1,mobile,1,SNS-013,1200,LOW
EVT-01142,2026-03-01 20:12:35,9,10,31,3,tablet,1,SNS-004,751,HIGH
EVT-01143,2026-03-25 17:35:35,5,7,36,1,wearable,1,SNS-002,845,MEDIUM
EVT-01144,2026-03-25 20:22:35,1,1,13,1,kiosk,1,SNS-005,615,LOW
EVT-01145,2026-03-18 23:49:35,4,1,52,2,mobile,0,SNS-003,241,MEDIUM
EVT-01146,2026-03-10 21:09:35,6,5,55,1,kiosk,0,SNS-012,846,MEDIUM
EVT-01147,2026-03-31 15:45:35,1,2,13,1,wearable,1,SNS-002,641,LOW
EVT-01148,2026-03-20 18:46:35,3,1,8,1,tablet,0,SNS-005,1045,LOW
EVT-01149,2026-03-23 01:36:35,4,8,64,3,kiosk,0,SNS-013,717,MEDIUM
EVT-01150,2026-03-17 23:38:35,10,6,85,3,kiosk,1,SNS-011,245,HIGH
EVT-01151,2026-03-17 15:49:35,2,7,49,1,kiosk,0,SNS-002,264,MEDIUM
EVT-01152,2026-03-18 16:21:35,7,4,54,2,kiosk,1,SNS-001,632,MEDIUM
EVT-01153,2026-03-24 03:04:35,3,1,15,3,kiosk,0,SNS-018,1051,MEDIUM
EVT-01154,2026-03-21 08:56:35,7,9,30,3,tablet,1,SNS-015,596,HIGH
EVT-01155,2026-03-28 09:09:35,4,9,7,1,kiosk,0,SNS-009,213,MEDIUM
EVT-01156,2026-03-13 20:42:35,2,1,8,1,tablet,1,SNS-006,1148,LOW
EVT-01157,2026-03-24 14:56:35,1,4,21,1,kiosk,0,SNS-004,431,MEDIUM
EVT-01158,2026-03-09 21:58:35,1,3,18,1,kiosk,1,SNS-008,1069,LOW
EVT-01159,2026-03-08 12:19:35,7,10,77,3,wearable,1,SNS-007,1140,HIGH
EVT-01160,2026-03-13 04:07:35,8,6,71,3,wearable,1,SNS-016,114,HIGH
EVT-01161,2026-03-22 04:30:35,2,3,22,3,tablet,0,SNS-014,1038,MEDIUM
EVT-01162,2026-03-08 02:00:35,3,2,14,1,kiosk,0,SNS-005,1073,LOW
EVT-01163,2026-03-18 11:18:35,9,9,56,3,kiosk,1,SNS-012,208,HIGH
EVT-01164,2026-03-29 11:24:35,1,1,19,1,kiosk,0,SNS-006,1095,LOW
EVT-01165,2026-03-04 19:07:35,2,3,5,1,tablet,1,SNS-002,568,LOW
EVT-01166,2026-03-27 05:27:35,4,7,22,3,kiosk,0,SNS-006,520,MEDIUM
EVT-01167,2026-03-09 19:45:35,1,3,13,1,tablet,0,SNS-012,489,LOW
EVT-01168,2026-03-16 18:38:35,4,3,17,1,wearable,1,SNS-013,286,LOW
EVT-01169,2026-03-16 05:42:35,2,3,5,1,kiosk,1,SNS-002,859,LOW
EVT-01170,2026-03-18 02:07:35,1,2,16,1,kiosk,0,SNS-007,599,LOW
EVT-01171,2026-03-17 16:43:35,10,10,63,3,tablet,1,SNS-010,164,HIGH
EVT-01172,2026-03-17 10:11:35,10,10,50,3,mobile,1,SNS-004,226,HIGH
EVT-01173,2026-03-30 10:53:35,10,9,40,1,kiosk,0,SNS-019,151,MEDIUM
EVT-01174,2026-03-06 07:06:35,4,2,36,2,mobile,1,SNS-003,833,MEDIUM
EVT-01175,2026-03-01 20:21:35,2,1,20,1,tablet,0,SNS-002,627,LOW
EVT-01176,2026-03-28 14:56:35,10,8,68,3,wearable,1,SNS-020,1077,HIGH
EVT-01177,2026-03-29 14:42:35,10,2,22,1,kiosk,1,SNS-009,732,MEDIUM
EVT-01178,2026-03-05 03:57:35,2,1,10,1,mobile,1,SNS-010,294,LOW
EVT-01179,2026-03-06 01:38:35,3,8,70,3,kiosk,1,SNS-018,965,MEDIUM
EVT-01180,2026-03-08 00:36:35,1,8,56,3,kiosk,0,SNS-009,723,MEDIUM
EVT-01181,2026-03-16 21:03:35,9,8,65,3,wearable,1,SNS-009,387,HIGH
EVT-01182,2026-03-07 07:11:35,8,5,64,3,mobile,0,SNS-015,1111,MEDIUM
EVT-01183,2026-03-30 03:38:35,7,7,90,1,kiosk,1,SNS-007,734,MEDIUM
EVT-01184,2026-03-15 21:24:35,1,1,19,1,wearable,1,SNS-018,874,LOW
EVT-01185,2026-03-19 03:31:35,10,6,34,3,tablet,1,SNS-001,300,HIGH
EVT-01186,2026-03-09 18:02:35,2,2,86,2,wearable,1,SNS-018,1191,MEDIUM
EVT-01187,2026-03-17 10:32:35,8,7,41,3,kiosk,1,SNS-010,492,HIGH
EVT-01188,2026-03-26 18:22:35,5,8,56,3,kiosk,0,SNS-015,227,MEDIUM
EVT-01189,2026-03-09 00:33:35,6,6,14,2,tablet,1,SNS-019,1128,MEDIUM
EVT-01190,2026-03-23 07:39:35,9,7,87,3,tablet,1,SNS-019,672,HIGH
EVT-01191,2026-03-02 19:02:35,2,1,9,1,wearable,1,SNS-020,1094,LOW
EVT-01192,2026-03-25 00:10:35,4,3,8,1,tablet,0,SNS-010,982,LOW
EVT-01193,2026-03-21 15:02:35,3,7,80,3,kiosk,1,SNS-008,170,MEDIUM
EVT-01194,2026-03-28 12:25:35,3,9,28,2,tablet,1,SNS-001,193,MEDIUM
EVT-01195,2026-03-22 02:23:35,1,9,21,2,kiosk,1,SNS-012,901,MEDIUM
EVT-01196,2026-03-27 03:09:35,7,6,33,3,mobile,1,SNS-004,767,HIGH
EVT-01197,2026-03-08 13:13:35,10,7,81,3,tablet,0,SNS-013,1197,MEDIUM
EVT-01198,2026-03-20 10:23:35,7,8,74,3,kiosk,1,SNS-012,955,HIGH
EVT-01199,2026-03-20 06:12:35,9,8,43,3,mobile,1,SNS-010,1170,HIGH
EVT-01200,2026-03-14 02:53:35,3,2,10,1,kiosk,0,SNS-016,312,LOW
